id,TA_formal,TA_informal
608310377143799810,88.24,11.76
609297109095972864,87.5,12.5
609504474621612032,100.0,0.0
609748367049105409,90.91,9.09
608688782821453825,100.0,0.0
609551038983475201,100.0,0.0
609447408955719681,70.0,30.0
609027430624288769,90.91,9.09
608229011572068352,72.73,27.27
609046214554755073,78.57,21.43
609738211183751168,80.0,20.0
609762671554990080,91.67,8.33
608980783924178945,91.67,8.33
609998126737395712,82.61,17.39
608926452596273152,90.0,10.0
609300383358418945,57.14,42.86
608875876474851328,92.31,7.69
610173844561788928,55.56,44.44
609095030926635011,93.75,6.25
608576531456249856,92.31,7.69
609631563597389824,100.0,0.0
609372816568360960,77.78,22.22
610103181578764291,90.91,9.09
609425861561962496,100.0,0.0
608658774769958912,80.0,20.0
609396415681445888,85.71,14.29
609337131698229249,80.0,20.0
610152342521028609,72.73,27.27
608315579913629696,100.0,0.0
609417622485139456,88.89,11.11
608347082844438530,100.0,0.0
609066076282867712,90.91,9.09
609507025555357696,100.0,0.0
609141582290292736,100.0,0.0
607867811352969216,85.71,14.29
609535458863882240,100.0,0.0
608953025017839616,81.82,18.18
609518871779889152,100.0,0.0
610065075462930432,63.64,36.36
609890265306910720,63.64,36.36
607974158765400065,90.91,9.09
609680396956094464,87.5,12.5
609648479976222721,77.78,22.22
610149872059195392,63.16,36.84
609045959062896642,100.0,0.0
608390359023026178,100.0,0.0
609865605856899072,87.5,12.5
609204522263650304,88.89,11.11
608294260027346944,69.23,30.77
609780343680409600,91.67,8.33
609220830501933056,33.33,66.67
610025386852810752,90.0,10.0
608838825918332930,89.8,10.2
609847126097530880,75.0,25.0
609722272824356865,90.0,10.0
609520823209168896,90.91,9.09
607968621805989888,83.33,16.67
610035233384218624,92.86,7.14
609426219306745856,90.0,10.0
608831302490415106,89.67,10.33
609581937548615680,88.89,11.11
609204644221423616,95.45,4.55
608004081425227776,100.0,0.0
609246844749803520,100.0,0.0
608544822383792128,62.5,37.5
608037914086404096,87.5,12.5
609486085987680256,90.0,10.0
608739280559722498,100.0,0.0
608749345731674112,90.0,10.0
610171029575610369,100.0,0.0
608407227473502208,70.0,30.0
608203075459891200,90.91,9.09
609008121428721665,81.82,18.18
607951390724341760,58.33,41.67
609854038688038912,100.0,0.0
609120651895558144,88.89,11.11
609120937263300608,90.0,10.0
608434922840162305,88.78,11.22
608793539556708352,90.33,9.67
608461361748828162,88.89,11.11
608734414546284544,100.0,0.0
608071418585214976,50.0,50.0
607836751726563328,90.0,10.0
609138853375406080,100.0,0.0
610037731935285248,75.0,25.0
608272113741533184,100.0,0.0
608932641207934976,72.73,27.27
609186132375416832,92.73,7.27
609247701411217408,77.78,22.22
608347443823017987,90.48,9.52
608856211795156993,77.78,22.22
610035478432067584,100.0,0.0
608203134087921664,77.78,22.22
609443836037873664,100.0,0.0
609342424889081856,100.0,0.0
609326598358220800,94.44,5.56
608170448807952386,100.0,0.0
607869505004400640,90.0,10.0
607994015955316736,75.0,25.0
609223895531540481,75.0,25.0
609417423809302528,100.0,0.0
608502622983720960,70.0,30.0
609276653928361984,0.0,100.0
609517182532362241,83.33,16.67
609716416887951360,100.0,0.0
608291519347486721,100.0,0.0
608492412416237568,33.33,66.67
608807876308676609,75.0,25.0
609973847996108800,70.0,30.0
608665805178339328,72.73,27.27
610039839816294400,84.62,15.38
610052516194217985,84.62,15.38
608680091283881986,81.82,18.18
609868855863844864,84.62,15.38
609451868633198592,100.0,0.0
610040226178859009,91.67,8.33
609348103389487104,100.0,0.0
609557666138996736,81.82,18.18
609329546215591937,66.67,33.33
608108610267324417,100.0,0.0
609744129879191553,70.0,30.0
607758528758075392,33.33,66.67
609019270438223872,50.0,50.0
609007549094985728,72.73,27.27
608568480628142080,83.33,16.67
609005648727175170,90.91,9.09
608692276458614784,70.0,30.0
610167649172103168,71.43,28.57
609122496168755201,63.64,36.36
609424363360768001,90.0,10.0
609375205073551361,100.0,0.0
607865098078720000,72.73,27.27
608638056715964416,91.67,8.33
609769482513420289,80.0,20.0
608332843408687104,100.0,0.0
609476770509815808,100.0,0.0
609325546011385859,100.0,0.0
608750006674165760,100.0,0.0
607985528034557952,100.0,0.0
608596870974304256,86.67,13.33
608584227811172353,66.67,33.33
609108031687630848,100.0,0.0
608674493456748545,100.0,0.0
608881276049829889,88.89,11.11
608966172122476544,88.89,11.11
608189643855654912,100.0,0.0
609694637964566528,94.74,5.26
610063063685795840,80.0,20.0
609331127938105344,100.0,0.0
608358416600334337,80.0,20.0
609470000785682432,71.43,28.57
608641362414678016,78.57,21.43
610066209795670016,87.5,12.5
609127194648973312,72.73,27.27
609152913865355264,91.67,8.33
609307942270169088,86.36,13.64
608886156516655104,100.0,0.0
609719400283959296,80.0,20.0
608551961454063616,92.86,7.14
608563275673006080,100.0,0.0
610114738077495296,70.59,29.41
608986659099697152,62.5,37.5
608318633996099585,80.0,20.0
609414360923025408,100.0,0.0
610083910530281472,61.54,38.46
609310835962454016,57.14,42.86
610038523580796928,78.95,21.05
610192514591490048,81.25,18.75
609087596506021889,62.5,37.5
608925659633733632,100.0,0.0
608324453999771649,90.91,9.09
608315733286731776,92.31,7.69
609959736671358977,93.75,6.25
609222620777570304,100.0,0.0
610103164176433152,82.35,17.65
608365725540085763,91.67,8.33
607700276707917824,84.62,15.38
608095177547202561,89.87,10.13
608078819279441920,71.43,28.57
609498561500315648,70.0,30.0
609990980691980288,100.0,0.0
609959724553867264,100.0,0.0
609757375252201472,81.82,18.18
609494609065025536,90.0,10.0
609417394759565312,91.67,8.33
609767455142113280,95.0,5.0
608554075412520961,88.89,11.11
609521850167750656,91.67,8.33
608343274714210304,71.43,28.57
610073192921726976,80.0,20.0
609616450681049088,91.67,8.33
608372520555814912,100.0,0.0
609366113466621952,92.59,7.41
608082154258632705,88.89,11.11
608102726140989441,89.14,10.86
608851445278982144,91.67,8.33
608682343692386306,66.67,33.33
610056503626698752,77.78,22.22
608085660751261696,66.67,33.33
609048367600123904,92.31,7.69
609072487163408386,85.71,14.29
610161502880821248,100.0,0.0
609690694492549120,80.0,20.0
608997777201356800,88.89,11.11
609816952857591808,71.43,28.57
608411514228203520,80.0,20.0
607901393756778496,75.0,25.0
608744463796609024,70.0,30.0
609786417850544131,80.0,20.0
608413703072063488,100.0,0.0
608961210290196481,80.0,20.0
608859210269470720,80.0,20.0
609135817450237953,77.78,22.22
608598498850668544,100.0,0.0
609064118478381056,83.33,16.67
607753200792420352,90.0,10.0
607672568057700352,71.43,28.57
608358832146903041,96.0,4.0
608714030937604096,90.91,9.09
609465595835379712,94.59,5.41
609552667942219777,90.91,9.09
609108415512780800,100.0,0.0
608049895874920449,100.0,0.0
608095810635579392,50.0,50.0
607898186359967747,100.0,0.0
609846489121169408,77.78,22.22
609409865119834112,85.71,14.29
608741426621341696,88.89,11.11
608704949422276608,90.0,10.0
609046813455302656,69.23,30.77
607675970632351744,72.22,27.78
610149200228167680,89.51,10.49
609344284815421440,83.33,16.67
609012177182273536,90.0,10.0
609032099299876864,94.12,5.88
610008000405864448,91.67,8.33
608333579823783936,92.31,7.69
607934124813205505,70.0,30.0
609363313047281665,93.33,6.67
607869077034528768,88.89,11.11
609261389237108736,85.71,14.29
608312114055409664,88.89,11.11
610079178499747840,66.67,33.33
608036256858128385,76.92,23.08
609745613354323968,66.67,33.33
608686580480344064,63.64,36.36
609794393071968256,100.0,0.0
608189886122848256,100.0,0.0
609074889035788289,85.71,14.29
609004486280028160,89.47,10.53
609078897779556353,44.44,55.56
609903122270560256,100.0,0.0
609402313371992064,80.0,20.0
608999590243741697,100.0,0.0
609351511324381184,72.73,27.27
609836676190482432,100.0,0.0
609127121483644929,75.0,25.0
608130166842388480,100.0,0.0
609042545465622528,90.91,9.09
609668675650523136,88.89,11.11
609047475886895104,60.0,40.0
610187469779111936,100.0,0.0
608925421648908290,100.0,0.0
607932371489296384,89.61,10.39
608756156476076032,40.0,60.0
609100107804504064,100.0,0.0
607978502730563584,100.0,0.0
607754648645181440,100.0,0.0
607980537643278336,94.12,5.88
609643054664957952,100.0,0.0
608667625007235073,87.5,12.5
608506976335585282,84.62,15.38
607857368676859905,94.44,5.56
607901522349793280,76.92,23.08
608132917253021696,92.31,7.69
609078430127271936,75.0,25.0
607685125346885633,50.0,50.0
607989226144169984,75.0,25.0
609497843594715137,100.0,0.0
609267177439535104,77.78,22.22
609651590291714048,95.45,4.55
609117193104703489,85.71,14.29
608934123852333056,100.0,0.0
608458427921264641,69.23,30.77
609313805839937536,63.64,36.36
608964975957303296,80.0,20.0
609321884744871936,92.31,7.69
608084103695470592,90.49,9.51
609085223599546368,91.67,8.33
609391614881058816,100.0,0.0
609157583878889472,93.33,6.67
609007214792204288,70.0,30.0
609376622085545984,83.33,16.67
609658688425562112,90.91,9.09
609910906177372160,100.0,0.0
609118839331299328,90.0,10.0
607854609676267521,100.0,0.0
607880160944070656,100.0,0.0
609803196970565632,83.33,16.67
609004935515021312,100.0,0.0
608722692779425792,71.43,28.57
607997045673193473,84.62,15.38
608935192691118080,91.67,8.33
610076601515155456,80.0,20.0
609688974320345088,100.0,0.0
609988792947224576,76.92,23.08
608245509959106560,83.33,16.67
609490872334458880,100.0,0.0
607996104332984325,100.0,0.0
607996802080501761,90.91,9.09
610076987286142976,100.0,0.0
608755787540750337,94.12,5.88
609198527256895488,77.78,22.22
608622195611430912,77.78,22.22
609238535384760320,100.0,0.0
609850308974526464,57.14,42.86
608640561231187968,92.31,7.69
608498975277240320,33.33,66.67
609025705297338368,77.78,22.22
608340636778004480,95.24,4.76
609588624158556160,87.5,12.5
609323575716237313,50.0,50.0
609348021697048576,86.67,13.33
609376177929756673,100.0,0.0
607734081380483072,76.92,23.08
609820070286610432,91.67,8.33
610089677652107264,88.89,11.11
608058267965788160,88.89,11.11
608117816915578880,80.0,20.0
609722649149747200,91.67,8.33
609075399239139329,100.0,0.0
609785572945563648,77.78,22.22
609447611481911296,87.5,12.5
607979970208665600,76.92,23.08
609257607786831872,100.0,0.0
608127659764281344,57.14,42.86
608755591729668097,75.0,25.0
610013784401428481,92.86,7.14
608988326167724032,80.0,20.0
609387354072219648,88.24,11.76
608313432232861696,75.0,25.0
608151562477662208,100.0,0.0
609102865911513090,100.0,0.0
609722161725509632,90.0,10.0
609035658338967552,81.25,18.75
610138857850470400,86.56,13.44
608592350848389120,100.0,0.0
608801588308656128,100.0,0.0
608019431755673600,77.78,22.22
609373412406992896,66.67,33.33
608560069144289280,91.67,8.33
609757152547356672,80.0,20.0
609009807807385601,90.91,9.09
610087465748197377,86.67,13.33
609008965263982593,92.31,7.69
608453791227088896,88.52,11.48
609114651880652802,100.0,0.0
609543754450608129,92.31,7.69
610139152475000832,87.5,12.5
609579224299536384,100.0,0.0
608584579390275584,100.0,0.0
608177000780546048,57.14,42.86
608349920286896128,77.78,22.22
608337786828148736,83.33,16.67
608239541070274560,100.0,0.0
607799720585486336,89.7,10.3
609009022771941376,63.64,36.36
609486090735501312,87.5,12.5
609059065134768128,76.92,23.08
609070692986847232,84.62,15.38
609303243831836672,75.0,25.0
609799914906714112,40.0,60.0
608096721923665921,70.0,30.0
609824622629023745,88.89,11.11
609022302257188867,93.75,6.25
609842486027137024,92.31,7.69
607856239750414336,100.0,0.0
609360579984236544,62.5,37.5
608017642037706753,85.71,14.29
609429992766877696,100.0,0.0
609403840052469760,88.89,11.11
609098225107107840,25.0,75.0
609779057014755329,25.0,75.0
608643048088694784,90.0,10.0
609012492933537794,89.57,10.43
610047431804329984,86.67,13.33
608387621509808128,100.0,0.0
609445816009367552,93.75,6.25
610030285623816192,84.62,15.38
608014414969593856,92.86,7.14
608568493743742976,87.5,12.5
610080518453891072,80.0,20.0
609338820388081664,75.0,25.0
609136628192444416,90.91,9.09
609019259398811648,100.0,0.0
607928146877235202,100.0,0.0
607984957181575169,80.95,19.05
609402067032088576,75.0,25.0
607733281354694656,100.0,0.0
609692463192633345,100.0,0.0
608974835549659136,87.5,12.5
608258383586721792,100.0,0.0
608609109735288832,75.0,25.0
608012739550789632,100.0,0.0
608122921433866241,77.78,22.22
608661269068001281,83.33,16.67
607763519409225728,100.0,0.0
609162980723326977,50.0,50.0
607951603417645056,75.0,25.0
609402434084032513,91.67,8.33
610193347400085504,75.0,25.0
608660027570835456,75.0,25.0
609404828968574976,100.0,0.0
609239189742350336,81.25,18.75
610133379988623360,40.0,60.0
609227391651610625,90.91,9.09
608674006435102720,50.0,50.0
608321885860950016,91.67,8.33
608929475833790464,100.0,0.0
610039133029969920,86.67,13.33
610098529286115328,100.0,0.0
609072092961718272,81.82,18.18
610066339106037761,78.95,21.05
608868793817907200,100.0,0.0
609001931663618048,83.33,16.67
608743812333236225,100.0,0.0
609281511372816384,90.91,9.09
607970640084258816,100.0,0.0
609534465925357568,77.78,22.22
609289305794723840,80.0,20.0
608719223913914369,66.67,33.33
608420835481759744,75.0,25.0
609013608438185984,90.91,9.09
609835162935934978,100.0,0.0
610075776856260608,100.0,0.0
609000415322103808,100.0,0.0
609597332263337984,100.0,0.0
608280186472288257,95.24,4.76
608793547911757824,100.0,0.0
608689261026668544,90.0,10.0
609294227235864578,85.71,14.29
609715103101902848,90.0,10.0
609393521846566912,90.0,10.0
608492679471767552,72.73,27.27
608283208183115776,88.89,11.11
609361023200546816,66.67,33.33
608561452690059264,100.0,0.0
609949762230558720,76.92,23.08
608710311407788032,60.0,40.0
607923355514241024,91.67,8.33
609379139913560064,100.0,0.0
609636777616248832,82.76,17.24
608313125281124352,91.67,8.33
608393488959455232,100.0,0.0
609030043986182144,62.5,37.5
609994977335230465,81.82,18.18
608743659668955137,100.0,0.0
608465646930788352,63.64,36.36
609446802677465088,96.43,3.57
609418648051036160,90.91,9.09
609646419302055936,92.31,7.69
609784377602613248,88.29,11.71
610113742785916928,66.67,33.33
610103301804326912,81.82,18.18
609026298824916992,100.0,0.0
609040166855020544,80.0,20.0
609080295975849984,50.0,50.0
607907317091176448,93.33,6.67
608476452657348608,90.0,10.0
607994000952410112,92.0,8.0
608694954634977280,88.46,11.54
609952184705400832,70.0,30.0
609707078312177664,90.0,10.0
608436167944605696,100.0,0.0
609212312763920384,88.89,11.11
609389920109633536,63.64,36.36
610130594299781120,62.5,37.5
609461487598329856,84.62,15.38
609544222199275522,71.43,28.57
608292056038051840,54.55,45.45
608212874125676544,77.78,22.22
609035333854982144,80.0,20.0
609381569149698048,66.67,33.33
609712897871192064,75.0,25.0
609842833990750209,83.33,16.67
610034795599499264,100.0,0.0
609064394362880000,80.0,20.0
608178186711658498,90.23,9.77
608521158174986242,100.0,0.0
607923375722209281,88.29,11.71
608166900976222208,100.0,0.0
607933443893301248,80.0,20.0
609794383710261248,100.0,0.0
609357875358605313,88.46,11.54
609182601505583105,91.67,8.33
610038875243872256,100.0,0.0
609440238654619648,77.78,22.22
609304002627522560,91.67,8.33
609796227983511552,88.89,11.11
608296208822628352,90.91,9.09
609485950901723136,87.5,12.5
608032344356876288,100.0,0.0
609273182097436672,83.33,16.67
609691881065349120,63.64,36.36
608288223232720896,69.23,30.77
609287908063858688,72.73,27.27
608022504049934337,75.0,25.0
609705101192765440,92.86,7.14
607913164357779456,91.67,8.33
609753367154307072,100.0,0.0
608252791396646913,91.67,8.33
607684375938015232,65.22,34.78
608665031903854594,92.31,7.69
608488821336993792,90.91,9.09
607970868619313152,81.82,18.18
609365183245500416,90.91,9.09
607976369427857408,80.0,20.0
608925152672268288,88.89,11.11
608200625252405248,90.91,9.09
608651141208006656,83.33,16.67
608345597389770753,90.48,9.52
608337515586666497,100.0,0.0
607931339820527617,90.0,10.0
608915599670939648,90.91,9.09
609521664473321472,90.0,10.0
610060313141059584,81.82,18.18
607920180824567809,100.0,0.0
609372430713405441,75.0,25.0
608623487222190081,84.62,15.38
608706198217568256,100.0,0.0
609266422301204480,88.89,11.11
608831084642435073,85.71,14.29
609482870898458624,100.0,0.0
610105281801003008,84.62,15.38
608419448341540865,90.91,9.09
609842962365849600,95.0,5.0
607912349115105280,83.33,16.67
609014782168080384,100.0,0.0
609135222345469952,42.86,57.14
608878008271798273,75.0,25.0
608212210968629248,75.0,25.0
608711214038962177,91.67,8.33
608963244972236800,90.91,9.09
609901627479302144,89.47,10.53
608807192846848000,92.31,7.69
610186146891501568,81.82,18.18
610042285091356672,82.35,17.65
609426217272381441,83.33,16.67
608826283011796992,100.0,0.0
608447451704512514,100.0,0.0
609418667835662336,92.86,7.14
609479068950638593,87.5,12.5
610072986167545859,80.0,20.0
610075345614696448,90.91,9.09
609461455960846336,100.0,0.0
609166978364735489,33.33,66.67
607908148540612608,83.33,16.67
609136614590279680,88.89,11.11
610144803796422657,66.67,33.33
608223286955143168,100.0,0.0
610039498806849536,80.0,20.0
608573463817801728,87.5,12.5
609835392079040513,88.89,11.11
609859442318946304,92.86,7.14
608069448692584448,90.91,9.09
609065667975897088,88.89,11.11
609752111816024064,90.0,10.0
608073033740222464,89.87,10.13
607985981141057538,100.0,0.0
609525884677189633,85.71,14.29
608418580703645697,100.0,0.0
608029762460786690,80.0,20.0
608259205745770496,44.44,55.56
609527621286789120,100.0,0.0
609060966010097664,100.0,0.0
608761340077838336,84.62,15.38
610111966905016320,72.73,27.27
608655930763411457,92.0,8.0
608422127583285248,91.67,8.33
609276585221451776,88.89,11.11
609133286724468736,92.31,7.69
608387015604883456,81.82,18.18
608668649973514240,94.44,5.56
609653972325019648,87.5,12.5
609105327250894848,100.0,0.0
608246693944008704,84.62,15.38
608725326475218944,90.91,9.09
609364298847141889,88.89,11.11
609264867095121920,100.0,0.0
609676499961147392,92.86,7.14
608289757429420032,91.67,8.33
608256883711987712,88.89,11.11
609824145258512387,87.5,12.5
608887669167374336,100.0,0.0
608678554977509376,92.86,7.14
609563617940234243,89.61,10.39
607723079561801728,100.0,0.0
607684720567156736,100.0,0.0
608636517972475904,100.0,0.0
608632716993671168,90.48,9.52
610109743022129152,81.82,18.18
609745564230619137,100.0,0.0
608531153373528064,83.33,16.67
608491571294691329,90.91,9.09
608536119358173184,80.0,20.0
609529784826220544,0.0,100.0
607750572440055809,83.33,16.67
609410414254796800,91.67,8.33
609706869850902528,84.62,15.38
609730725110226944,83.33,16.67
608244675691061249,66.67,33.33
609265378766811137,92.86,7.14
608022481870417920,100.0,0.0
608208397616480258,100.0,0.0
609035910622130176,66.67,33.33
608654994276012033,88.89,11.11
609905865387282432,84.62,15.38
609106613375516672,85.71,14.29
608000631832338433,77.78,22.22
608678106103205888,88.89,11.11
608391034293338112,93.33,6.67
609807305291485184,69.23,30.77
608214480477126656,0.0,100.0
608236637663936512,88.89,11.11
609186116974067712,81.82,18.18
609186664372695040,84.62,15.38
607856226479669248,90.48,9.52
608257035927482368,91.67,8.33
607893820387299328,60.0,40.0
609023347377082370,88.89,11.11
609111303106535425,85.71,14.29
609337121481064448,85.71,14.29
608724691491123200,66.67,33.33
608896007271817216,83.33,16.67
608762127260749825,55.56,44.44
609764863850737664,92.31,7.69
608644136648982528,80.0,20.0
608960536743698432,100.0,0.0
608525952545632256,96.15,3.85
609342621010558976,75.0,25.0
609156582631469056,90.91,9.09
609112309294882818,90.0,10.0
609688058372464640,91.67,8.33
608834560655286272,83.33,16.67
607754715468840960,87.5,12.5
608736668347039744,75.0,25.0
608432476575428610,69.23,30.77
608936864310001664,50.0,50.0
608556744512565248,75.0,25.0
609018023328899073,77.78,22.22
609261820570923008,88.89,11.11
609565613460164608,87.5,12.5
609667794892931072,91.67,8.33
608130161121239041,100.0,0.0
610099516222631936,90.91,9.09
608363000991326208,84.62,15.38
609535457005846528,100.0,0.0
609748932042838017,0.0,100.0
609115251070652417,83.33,16.67
608427115730485248,85.71,14.29
609797672397090816,94.12,5.88
610126144763891712,100.0,0.0
608028443725430787,100.0,0.0
609193438169403392,100.0,0.0
607971950988685312,90.0,10.0
610152495176810496,90.43,9.57
609025080304148481,80.0,20.0
608648911490809856,90.0,10.0
609558589485641728,94.74,5.26
609480800858451968,83.33,16.67
610063567530905600,100.0,0.0
609596812123578369,92.59,7.41
609307704520257536,100.0,0.0
608747894808702978,77.78,22.22
608232398199898112,83.33,16.67
610026837767516161,75.0,25.0
608306343468859392,100.0,0.0
609426687412056064,92.31,7.69
609000486331674624,85.71,14.29
610077399083032576,90.0,10.0
609994137044168704,66.67,33.33
609737571862773760,100.0,0.0
609808083280351232,100.0,0.0
608761428246458369,100.0,0.0
608514320490754048,100.0,0.0
609377241349365762,89.42,10.58
608591877072384000,60.0,40.0
609353194469228544,60.0,40.0
608255981710024705,90.91,9.09
608847404197138432,80.0,20.0
607831170428997632,91.67,8.33
608435251375910913,90.91,9.09
609376532847575040,88.89,11.11
608793445067583488,83.33,16.67
607920880132464641,100.0,0.0
608177923074293760,83.33,16.67
610099673324462080,92.86,7.14
608592551852036096,100.0,0.0
608050935869411331,92.86,7.14
607980471822262272,91.67,8.33
608091421359357952,83.33,16.67
610149967978565633,100.0,0.0
609596480823758849,72.73,27.27
609768184594477056,80.0,20.0
609050527167578112,88.89,11.11
609334194964176896,83.33,16.67
607679294811144192,63.64,36.36
608396079483219968,89.87,10.13
609044961766473729,70.59,29.41
608852174315986944,90.0,10.0
609739788560793601,90.0,10.0
608661420578721793,88.89,11.11
609305416342765568,100.0,0.0
607881327661047808,90.0,10.0
607877528187990016,92.0,8.0
608708086220455936,90.0,10.0
608137719945043968,80.0,20.0
609092205400207361,77.78,22.22
610109231656779776,83.33,16.67
609466403003863042,100.0,0.0
608325705194049536,100.0,0.0
608699164684222465,75.0,25.0
609321136942358528,100.0,0.0
608071041668251648,90.0,10.0
608910326692745216,60.0,40.0
608217038939648001,85.71,14.29
609710086500384769,88.89,11.11
609226366035329024,33.33,66.67
610197661015146496,84.62,15.38
608946815371759616,100.0,0.0
608906300991393792,0.0,100.0
608975935166119936,100.0,0.0
609043115090038785,100.0,0.0
608835084339277824,75.0,25.0
609751283227074560,75.0,25.0
609513014639726592,83.33,16.67
610138433202356227,83.33,16.67
607704118388387840,100.0,0.0
608249996576735232,80.0,20.0
610057308580786177,93.33,6.67
609440548471091201,75.0,25.0
608848661284556800,80.0,20.0
608293138348830720,91.67,8.33
609417069210267648,88.89,11.11
609427202581491713,87.74,12.26
608608158911729665,88.89,11.11
608744232942067712,87.5,12.5
609748327652044800,80.0,20.0
609531602482413569,100.0,0.0
610133346635657216,83.33,16.67
608592851358916608,57.14,42.86
609828243168997376,33.33,66.67
607981697376776192,76.92,23.08
608270100622405632,91.3,8.7
610115685046317057,100.0,0.0
609842832082276352,55.56,44.44
608309675046674433,83.33,16.67
610046672937328640,86.56,13.44
608695979244703744,100.0,0.0
609363331468673024,83.33,16.67
609344528097615872,75.0,25.0
609767648818278400,88.27,11.73
608671475709669377,61.54,38.46
608332846533517312,80.0,20.0
609325857816100865,80.0,20.0
608629333578670080,84.62,15.38
609397370216955905,94.12,5.88
609126746676404224,92.86,7.14
608228163991281664,100.0,0.0
609650877180321792,91.67,8.33
608827274339692544,100.0,0.0
609061514985779202,76.92,23.08
609224126344089600,100.0,0.0
609194693147148288,90.91,9.09
609358304733720576,92.31,7.69
609617824483446784,80.0,20.0
608308723023355904,89.87,10.13
608679438792929280,100.0,0.0
609133281775194114,88.78,11.22
607788241970982912,76.92,23.08
609833834406809600,80.0,20.0
608952318676086785,100.0,0.0
610047021202964481,88.89,11.11
609429939033665537,100.0,0.0
609043278084726784,96.43,3.57
608501242621378560,92.31,7.69
610156894007787521,77.27,22.73
608310140727488512,80.0,20.0
609414842991124480,88.89,11.11
608629808789106688,88.78,11.22
607937646535393280,93.33,6.67
607870759311056896,88.89,11.11
607718080798556161,92.31,7.69
610168757990879232,100.0,0.0
609889450286559233,92.86,7.14
607966605243326467,92.86,7.14
608269589965897729,80.0,20.0
608308108650246144,88.24,11.76
608208614021599233,77.78,22.22
608825588632170497,100.0,0.0
610128599002259456,90.0,10.0
609098505479593984,88.12,11.88
608532224875622400,100.0,0.0
607950233113198592,60.0,40.0
607831666866814976,89.75,10.25
609280252502630401,80.0,20.0
609764948982505472,73.33,26.67
609972342844997632,90.91,9.09
609378972003094528,72.73,27.27
609227396529692672,88.89,11.11
609669241944600576,100.0,0.0
608559573297934336,100.0,0.0
609026400276783104,87.96,12.04
609396021513351168,75.0,25.0
608315598486011905,100.0,0.0
607932903671140352,93.75,6.25
610033901646544897,80.0,20.0
608205068496695296,62.5,37.5
608986599389564928,80.0,20.0
609094033634398208,83.33,16.67
609917929803632640,100.0,0.0
609781041579040768,100.0,0.0
608066621400178688,84.62,15.38
609129764469755905,94.12,5.88
608472672570232832,87.35,12.65
610121807354568704,100.0,0.0
608094224995762178,88.89,11.11
609212296728985601,90.0,10.0
610112234329608192,100.0,0.0
608401807933640704,92.31,7.69
610190069928865792,86.56,13.44
608103284239384576,100.0,0.0
609379336811057152,84.21,15.79
608775432268337152,85.71,14.29
608954752223838208,100.0,0.0
609671631255007232,90.0,10.0
609753074949849088,75.0,25.0
609210355345027072,0.0,100.0
608381884142350336,100.0,0.0
608064012241281025,100.0,0.0
608437725709090816,100.0,0.0
608802106213040128,85.71,14.29
609336908951347200,100.0,0.0
609356696113283072,66.67,33.33
607752298203377664,75.0,25.0
608261869472763905,80.0,20.0
608773420562657280,100.0,0.0
608003647356542976,75.0,25.0
609375696775987201,100.0,0.0
609072877493571584,100.0,0.0
609115168610656257,75.0,25.0
608294743861129216,100.0,0.0
609605495339532288,81.82,18.18
608295274767859712,93.75,6.25
609547025491869697,91.67,8.33
609496171254394880,87.5,12.5
609077811786096640,81.82,18.18
607787910843269120,85.71,14.29
607915191901290496,77.78,22.22
608353167600959488,75.0,25.0
608542150196891648,87.5,12.5
607668877594497024,83.33,16.67
609519858363953152,100.0,0.0
609040689670684672,100.0,0.0
607948159961186304,100.0,0.0
609346866451488768,69.23,30.77
607995917808115712,91.67,8.33
609435280202805250,80.0,20.0
609091527600570368,100.0,0.0
609473724325195776,80.0,20.0
609352061986193408,83.33,16.67
608983580157554689,77.78,22.22
610053872573411328,84.62,15.38
608459594453647360,100.0,0.0
608093779644588033,88.89,11.11
609967011951587328,90.0,10.0
610021097665363968,81.82,18.18
608221385291350016,100.0,0.0
607994702214918148,87.5,12.5
609505794728558592,90.0,10.0
608857991874412545,90.0,10.0
608529062777069568,90.0,10.0
609168370177589248,85.71,14.29
608573742755770368,85.71,14.29
609692874322628608,92.86,7.14
609768597351600129,92.86,7.14
609799932933992449,80.0,20.0
608723346965061632,0.0,100.0
608299390260932608,87.35,12.65
609197455746273280,88.24,11.76
608719307183370240,100.0,0.0
609164871465324544,62.5,37.5
609361820944605185,90.0,10.0
609171037784285184,62.5,37.5
608179043440185344,88.89,11.11
607896118433824768,80.0,20.0
608913506121957377,80.0,20.0
610065428958679041,69.23,30.77
608400685646946306,62.5,37.5
609535460650668032,50.0,50.0
610165837824004096,100.0,0.0
609178446653206529,100.0,0.0
608917489498603520,80.0,20.0
609744570654392322,90.91,9.09
609618671619690497,94.59,5.41
608801746652147712,88.89,11.11
608206936215945216,83.33,16.67
609574290275610625,92.31,7.69
609234945064632320,90.91,9.09
609822058361524224,88.89,11.11
609050027428683776,81.82,18.18
609733291906891776,91.67,8.33
608546417569767424,77.78,22.22
608038488068509696,71.43,28.57
610109554546864128,80.95,19.05
609359531584409600,100.0,0.0
609867719849168896,70.0,30.0
609661761084522496,85.77,14.23
608845133551771648,80.0,20.0
608898979258990592,62.5,37.5
609473891669381120,100.0,0.0
609120483993354240,100.0,0.0
609012281486114816,90.0,10.0
609099154460160000,85.71,14.29
609174129145737217,100.0,0.0
608841375753359361,91.67,8.33
609098405126795265,75.0,25.0
609378900993511425,71.43,28.57
609474306461048833,83.33,16.67
608300300852686852,80.0,20.0
608649887412985858,75.0,25.0
608348570253725699,94.12,5.88
608333523032920065,100.0,0.0
609095922199490560,93.33,6.67
610201840836186112,90.91,9.09
608969459185938432,100.0,0.0
607951701686009856,100.0,0.0
608759561541935104,91.1,8.9
608398971439083524,66.67,33.33
607984975724593152,91.67,8.33
609067574425493505,66.67,33.33
609078926384766976,100.0,0.0
609392645199273985,95.24,4.76
608461339418218496,81.82,18.18
609793111708041216,81.25,18.75
608411627009019904,91.67,8.33
608648643009077248,77.78,22.22
608026411228524544,88.89,11.11
608259681069481984,92.31,7.69
609198181570772992,69.23,30.77
609507177200513024,77.78,22.22
609398299926339584,80.0,20.0
609018273137610752,100.0,0.0
608372626399100928,9.09,90.91
609364851203416064,62.5,37.5
610090465581498368,83.33,16.67
608230849675468800,100.0,0.0
609228862107582465,100.0,0.0
607976933532573696,95.0,5.0
609721364879179776,88.29,11.71
609360661441855488,100.0,0.0
607996806480289794,80.0,20.0
608446252603154432,91.67,8.33
609451387651497984,100.0,0.0
609424959631458304,92.31,7.69
609552067565363201,90.91,9.09
609392243074465793,87.5,12.5
608016923737989120,91.67,8.33
609103067284316160,90.0,10.0
609333411749216256,81.82,18.18
608646330102079489,90.03,9.97
609335602970914817,100.0,0.0
608525869460635648,96.55,3.45
609359889559855105,75.0,25.0
608530959852380160,88.89,11.11
608952026102427649,90.0,10.0
608797181496143873,57.14,42.86
608400882959568896,90.0,10.0
609386634249830401,72.73,27.27
607859631344345089,88.89,11.11
608609076780625920,83.33,16.67
608457797580263426,91.67,8.33
608091735626031104,71.43,28.57
608987901834199042,85.71,14.29
608179756182454272,91.67,8.33
609358269530939392,71.43,28.57
608967176020582400,77.78,22.22
609669433716539392,90.91,9.09
609039455815634944,95.45,4.55
609405212021915649,80.0,20.0
610021006980325377,86.56,13.44
609067593450827776,90.91,9.09
609387663678918656,66.67,33.33
608370589989015552,63.64,36.36
609297873700696064,100.0,0.0
607789402316800000,75.0,25.0
609496574889185281,80.0,20.0
608441762521214977,33.33,66.67
609389812726915072,88.89,11.11
609433139870629888,100.0,0.0
609025698477568000,100.0,0.0
609258466289561600,71.43,28.57
609815274749956097,90.0,10.0
607827108270739456,100.0,0.0
609884243859103745,54.55,45.45
608990849138077696,78.57,21.43
609091928731361283,75.0,25.0
609164213412495360,93.33,6.67
610006047227555840,86.56,13.44
608788996445986818,90.91,9.09
608350375704449024,88.89,11.11
609597407307952128,100.0,0.0
607898717702647809,100.0,0.0
607991513025355776,75.0,25.0
608279296717778944,90.91,9.09
609385956144054272,100.0,0.0
608329195824021505,87.5,12.5
608012102163251200,86.09,13.91
609058163422298112,77.78,22.22
608219767854370817,100.0,0.0
608774888296333313,88.89,11.11
607846687684628480,85.71,14.29
609389838010159104,87.5,12.5
610094119478820864,69.23,30.77
610174713671892992,85.71,14.29
610174905183809537,100.0,0.0
609173199142694912,87.5,12.5
610195859318419456,85.71,14.29
607955354001883136,90.91,9.09
610098004389965826,62.5,37.5
609420795341881344,88.24,11.76
608618418158317568,60.0,40.0
607842281865936896,87.5,12.5
608664705666850816,85.71,14.29
608046366309392384,89.14,10.86
608743656854556672,78.57,21.43
609419297832742913,100.0,0.0
608849901636694016,55.56,44.44
609824314775470080,90.91,9.09
608414317189427200,100.0,0.0
609498961242517505,100.0,0.0
610192170406907904,90.91,9.09
607759279471198209,90.58,9.42
609181533514153984,90.0,10.0
609733243785621505,100.0,0.0
609469622157316097,63.64,36.36
609045780947738624,100.0,0.0
609165781381869568,81.82,18.18
608970723990876161,66.67,33.33
609158455899852801,88.89,11.11
608432109859037184,91.3,8.7
608276323354722304,92.86,7.14
609048732416548864,72.73,27.27
609363325760196608,63.64,36.36
609031371550380033,92.31,7.69
609967374578642944,91.67,8.33
608555702286753792,77.78,22.22
607964035083083776,100.0,0.0
609363305304584192,83.33,16.67
609054437982633984,92.31,7.69
609749632198025216,91.67,8.33
609118690269745152,92.86,7.14
609587651637846016,100.0,0.0
608834568947269632,72.73,27.27
609039933328793600,92.31,7.69
609777980408209408,89.7,10.3
609888858658983936,83.33,16.67
607942788420902913,90.58,9.42
609707077641089025,90.91,9.09
609548519225950209,100.0,0.0
609986399094329344,100.0,0.0
609576970041585664,100.0,0.0
608036791661137921,62.5,37.5
609020052348764160,81.82,18.18
609709427793489921,84.62,15.38
609451411055767552,85.71,14.29
607789170455506944,90.91,9.09
608187208588263425,92.31,7.69
607786251542855680,86.45,13.55
609676619645587456,91.67,8.33
609744798673539072,100.0,0.0
608041436030898177,75.0,25.0
609359991871512577,54.55,45.45
609130518823731201,100.0,0.0
609097579935227904,92.86,7.14
609586247367966721,87.2,12.8
608742768882647040,83.33,16.67
609091840600604672,62.5,37.5
607981711767400448,92.31,7.69
609372114555138048,66.67,33.33
608368332132261890,100.0,0.0
607850227786252289,90.91,9.09
609392004376752128,96.3,3.7
608236216862023680,81.82,18.18
610141266114965504,62.5,37.5
610054644753166338,80.0,20.0
607958694593060864,71.43,28.57
608612335972843520,100.0,0.0
608194638818746369,77.78,22.22
607810936376803328,80.0,20.0
608414877242257410,90.68,9.32
609140820663341056,87.64,12.36
609752850437025792,92.31,7.69
609614804198658048,86.83,13.17
609747530696552451,84.62,15.38
608024469425127425,90.0,10.0
609457426241331200,50.0,50.0
609398976769576960,81.82,18.18
608901864348917760,100.0,0.0
610178592241119232,92.31,7.69
609252498281472000,72.22,27.78
608908288261001216,60.0,40.0
608413375933095937,90.0,10.0
609113301235195904,92.86,7.14
608720863953842179,78.57,21.43
608676019260796928,66.67,33.33
609714113837727744,66.67,33.33
608333016226779137,87.5,12.5
608413197146681344,90.0,10.0
608794125572292608,90.91,9.09
608444679806423041,78.57,21.43
608314912620847106,100.0,0.0
608836058243977217,100.0,0.0
608726065322815488,100.0,0.0
609878084842573824,83.33,16.67
609384684359843841,100.0,0.0
609110182573019136,100.0,0.0
609841938032758784,72.73,27.27
609036171189063680,66.67,33.33
610193126091788288,71.43,28.57
608864511265751040,83.33,16.67
609392254751522817,90.91,9.09
608122623776686080,77.78,22.22
609258053716717569,77.78,22.22
608290479097192448,87.5,12.5
610099590705082368,100.0,0.0
608607340410101760,77.78,22.22
609279978254020609,100.0,0.0
609578715568189440,90.16,9.84
610172382351745024,100.0,0.0
608355558173884416,69.23,30.77
609053753732300800,58.33,41.67
609360960550215680,100.0,0.0
608739044500107264,72.73,27.27
608977006907289600,57.14,42.86
608990853189767168,100.0,0.0
609916943106224128,75.0,25.0
609671440405819392,83.33,16.67
609355750935146497,66.67,33.33
607863494323499008,75.0,25.0
609731939138936832,100.0,0.0
608340334267875328,84.62,15.38
610114743416791040,88.46,11.54
608672734055284736,94.12,5.88
608908946863222785,60.0,40.0
609081449602519041,100.0,0.0
610061903503556608,90.55,9.45
607986303393742849,80.0,20.0
608871314594648064,90.91,9.09
609707569687310336,100.0,0.0
607958242967363585,87.5,12.5
610200274658029568,100.0,0.0
607692463365603328,83.33,16.67
608868777602580482,88.89,11.11
609747305105895424,71.43,28.57
609061896357036033,81.82,18.18
608257995458420737,100.0,0.0
609090446124552192,100.0,0.0
608831426524495872,82.14,17.86
608635576586223616,84.62,15.38
608983299265019906,62.5,37.5
608315394324090880,100.0,0.0
608218450159366144,85.71,14.29
609223897507098625,100.0,0.0
608694089152872448,92.86,7.14
609300381286408192,91.67,8.33
608016799829889024,66.67,33.33
609691766921560064,85.71,14.29
609073297024806912,88.89,11.11
609091715065085952,84.62,15.38
608978570195660800,100.0,0.0
608090174677991425,80.0,20.0
610145453469007874,72.73,27.27
609693247980613633,100.0,0.0
608144255522099204,72.73,27.27
609341703795961856,83.33,16.67
610101313020538881,75.0,25.0
608045344908275712,62.5,37.5
609413131660591104,80.0,20.0
609041315758792704,88.89,11.11
608810937957646336,100.0,0.0
607969872660807680,95.45,4.55
609763459388035072,90.0,10.0
609973703527501824,87.5,12.5
608948595505639425,60.0,40.0
609019851475140608,85.71,14.29
608584896534208513,100.0,0.0
608383780311728128,54.55,45.45
607692022946787328,81.25,18.75
608861677673660416,81.82,18.18
609392073985421313,91.67,8.33
609640431589195777,80.0,20.0
610096887572623361,90.0,10.0
609207514543034369,100.0,0.0
609010331432665088,88.89,11.11
609714549546196992,81.25,18.75
609503055139241985,94.12,5.88
608073543549485057,90.91,9.09
609776259493539841,80.0,20.0
609897096708141057,66.67,33.33
608794995756298241,90.0,10.0
607934505995915264,91.67,8.33
608458572880576514,100.0,0.0
608920088545214464,100.0,0.0
608182381875490816,85.71,14.29
609441986840522753,72.73,27.27
610098444045303808,100.0,0.0
609859242888155137,63.64,36.36
608997377035272193,100.0,0.0
610089930442735616,70.0,30.0
609096976974663681,75.0,25.0
608279942116147200,90.91,9.09
609556070722211840,90.91,9.09
608395977628753920,61.54,38.46
608182260790140928,81.82,18.18
608850005366087680,75.0,25.0
608418809431650305,100.0,0.0
609036313598263297,100.0,0.0
608006352837869568,90.91,9.09
609214721087176704,86.67,13.33
609882214625492992,100.0,0.0
609156796599640065,100.0,0.0
610094330972405761,75.0,25.0
608678374362505216,44.44,55.56
608083022202732544,80.0,20.0
609675898254700544,87.5,12.5
608353759664734208,90.91,9.09
609758049490862080,80.0,20.0
608568701978308608,87.5,12.5
608308557411426304,80.0,20.0
609994040717783040,100.0,0.0
610155526199111683,86.56,13.44
607965421795463170,92.31,7.69
609719151184203776,90.0,10.0
609047236232785920,85.71,14.29
608939490304860160,100.0,0.0
608079091158384640,100.0,0.0
608778083806486528,81.82,18.18
608318426742980608,90.0,10.0
608518190646312960,90.0,10.0
609057586235637761,88.89,11.11
608697352212193280,100.0,0.0
610050559899340800,100.0,0.0
607980967752376320,93.75,6.25
609189539467370496,100.0,0.0
607935320131182593,88.24,11.76
608227597760241664,92.31,7.69
608370528265461760,88.89,11.11
609167234984873984,86.86,13.14
609444565993586689,87.5,12.5
607726946080980992,100.0,0.0
608798443453046784,100.0,0.0
608593486485557249,66.67,33.33
608519681897418753,87.5,12.5
609935186101276672,83.33,16.67
610152000295202818,90.0,10.0
608830811211747328,100.0,0.0
607946928773431297,58.33,41.67
610174526618529792,90.91,9.09
608697469858361345,90.0,10.0
609824775050010624,83.33,16.67
609053763731480577,81.25,18.75
608393524724269059,92.86,7.14
610174056575463424,92.86,7.14
609098140860469249,83.33,16.67
607962789001297921,90.49,9.51
609105264273448960,81.82,18.18
609371231289233408,88.89,11.11
608276132002041856,42.86,57.14
609382418928173057,85.71,14.29
609085727335436290,100.0,0.0
609474035286691840,94.44,5.56
609328688031789056,63.64,36.36
607973952040804353,75.0,25.0
609275150790492160,80.0,20.0
608730313926180865,81.82,18.18
609435033653350401,80.0,20.0
609421192043339777,100.0,0.0
609184100310585344,100.0,0.0
607903612879003648,71.43,28.57
607969024173998080,100.0,0.0
607930331228823552,72.73,27.27
607696658441322496,90.0,10.0
609994229465632768,93.75,6.25
607918899007348737,100.0,0.0
609745328405913600,82.35,17.65
610007794931122176,66.67,33.33
608994093553872897,92.0,8.0
609487242663301120,90.07,9.93
608993554279620609,100.0,0.0
608323936632340481,90.26,9.74
609738106951049216,91.67,8.33
610200047951609857,81.82,18.18
609725004889067520,90.91,9.09
608539441888681984,77.78,22.22
608758307918979072,100.0,0.0
609342074685685761,66.67,33.33
609187692933455872,80.0,20.0
610162691265667073,83.33,16.67
609181375581663232,73.33,26.67
609506052103622656,80.0,20.0
608545798075351040,90.0,10.0
610092081223221248,87.5,12.5
608076651583438848,100.0,0.0
609435107829653504,91.67,8.33
609143081976266753,90.0,10.0
608485420377231361,33.33,66.67
609515345448169472,75.0,25.0
608808628695343104,87.5,12.5
609319489738387456,100.0,0.0
610110749961228290,100.0,0.0
609572216699777024,90.0,10.0
607944780375572480,90.91,9.09
607917417625296896,100.0,0.0
608803216516640768,62.5,37.5
608931072978628608,92.31,7.69
609112604288516097,75.0,25.0
608969928083935232,90.0,10.0
608105036997083136,75.0,25.0
608367121559633922,100.0,0.0
608975679137439744,75.0,25.0
609797946876538880,77.78,22.22
608293943730675712,88.89,11.11
607974388223254528,66.67,33.33
608663799760101376,66.67,33.33
609493668412534785,90.16,9.84
609158684170547200,66.67,33.33
609586043088564224,87.5,12.5
608372594467840002,100.0,0.0
608360611664297984,63.64,36.36
608403226656915456,92.31,7.69
608005851601891328,86.11,13.89
609807645285986305,100.0,0.0
609107871389904896,100.0,0.0
609232543779434496,92.31,7.69
609346987163578369,81.82,18.18
608394092008062976,60.0,40.0
609065665509482496,89.8,10.2
609137048344117248,88.52,11.48
608443737014988800,81.82,18.18
608066764723863553,85.71,14.29
610012260166189056,81.82,18.18
610082540766937089,100.0,0.0
609433768051523585,72.73,27.27
609746131640320000,100.0,0.0
609412931797798912,100.0,0.0
609418584985608192,90.0,10.0
609402107796426752,69.23,30.77
609438802893901824,46.15,53.85
609899436018372608,63.64,36.36
610159802644340736,100.0,0.0
609109398426951680,100.0,0.0
609310805708931072,81.82,18.18
608765440299376641,89.77,10.23
608893603440697345,92.86,7.14
610101434529521666,61.11,38.89
609939596466524161,90.91,9.09
608314160598904833,60.0,40.0
610199605456838656,83.33,16.67
607964276897153024,100.0,0.0
608679797477240832,66.67,33.33
607944313452961793,90.0,10.0
609596979371487232,90.91,9.09
609279307236700161,72.22,27.78
609808994828447744,83.33,16.67
608958689970675712,77.78,22.22
609990185078624256,90.0,10.0
609089564897103872,75.0,25.0
609678332033146880,93.75,6.25
608378092277481472,76.92,23.08
608657651371630594,90.0,10.0
609463998434668544,100.0,0.0
609021765428232192,75.0,25.0
608582574978367488,71.43,28.57
608744358184108032,83.33,16.67
608507395258482688,100.0,0.0
610070882866884608,100.0,0.0
607733375428730880,84.62,15.38
608536835606757376,88.89,11.11
608248398769188864,90.91,9.09
610117265275678720,62.5,37.5
609685403788914689,100.0,0.0
607870383925133312,88.89,11.11
609106938836725760,76.92,23.08
608086855398113280,94.12,5.88
608355665078308865,90.0,10.0
610094370927300609,70.0,30.0
609273351702511616,66.67,33.33
608032057898508288,90.91,9.09
608394863479037952,87.5,12.5
610000850723958784,83.33,16.67
609147607705886720,85.71,14.29
609274754781085697,100.0,0.0
610173644417970176,92.86,7.14
608739407592423424,84.62,15.38
609675246644424704,91.67,8.33
608728306175893504,100.0,0.0
608455807143845888,87.5,12.5
608442039395565568,100.0,0.0
609385953942081537,33.33,66.67
608886929225060352,92.86,7.14
608507562586062848,100.0,0.0
607931247076249600,88.89,11.11
609096545263345664,72.73,27.27
609124505043111936,89.57,10.43
609469072770736128,100.0,0.0
607966134499827712,89.44,10.56
608988027684270080,88.89,11.11
608310131734872064,75.0,25.0
608702957048225793,100.0,0.0
609216332761010176,100.0,0.0
608377721077563393,85.71,14.29
608656732722765825,80.0,20.0
607842019965325312,100.0,0.0
608331071848124416,76.92,23.08
607736457869053953,100.0,0.0
607842529640259584,83.33,16.67
607715038426624000,75.0,25.0
609048847629701122,76.92,23.08
609549263463251969,93.33,6.67
608829969310081024,85.71,14.29
610177242782679040,50.0,50.0
608511152272846848,100.0,0.0
608369352484786176,75.0,25.0
609587527650045952,66.67,33.33
609590046509940736,62.5,37.5
607927077082439681,100.0,0.0
608426607942881281,80.0,20.0
607876423076986880,100.0,0.0
608393519565275136,81.82,18.18
607923549173645313,62.5,37.5
608999817856069632,93.33,6.67
609802428058308610,90.91,9.09
609178029181505538,50.0,50.0
608079098330652672,100.0,0.0
609530595190927360,75.0,25.0
608754988211425280,100.0,0.0
610118263717019649,33.33,66.67
607809186446118912,90.91,9.09
608307305109680128,50.0,50.0
608737925061353473,50.0,50.0
608519965394804737,80.0,20.0
610195874623438848,83.33,16.67
608855918483255296,90.37,9.63
608759566898036736,100.0,0.0
607925173098979328,88.89,11.11
607726435009241089,71.43,28.57
608322449638322179,70.0,30.0
610072501952073730,90.0,10.0
608589467020984321,100.0,0.0
609169527713173504,83.33,16.67
608990042284011520,100.0,0.0
607744216731688960,75.0,25.0
609770716284620801,84.62,15.38
608275198605848577,90.0,10.0
609358014932455425,60.0,40.0
609391764433162240,92.86,7.14
609447974607962113,80.0,20.0
609725197298585600,92.31,7.69
609438729753784320,85.71,14.29
608885386316632066,89.97,10.03
609096135546933248,88.89,11.11
610168761862201344,90.0,10.0
609097109565001729,90.91,9.09
608681379476480000,42.86,57.14
609358318495248384,83.33,16.67
608549177325281280,100.0,0.0
608911722011873280,80.0,20.0
608756001261551616,76.92,23.08
609407466368069632,50.0,50.0
608677194378940416,71.43,28.57
608441233330057216,72.73,27.27
609508722457636864,75.0,25.0
609004453824483328,100.0,0.0
608453900782436352,92.31,7.69
608751950566404096,91.67,8.33
608033933742211072,60.0,40.0
608995034579513345,89.47,10.53
609050239027126272,90.0,10.0
607844963850846208,100.0,0.0
609065588745494528,77.78,22.22
609043198590201856,86.67,13.33
609112350726193154,80.0,20.0
608891444280049664,80.0,20.0
609875289775210497,83.33,16.67
608736918407290880,83.33,16.67
609060315804917760,85.71,14.29
609361152976490496,83.33,16.67
609716905881006081,100.0,0.0
607815819419131904,100.0,0.0
608467338858524673,83.33,16.67
608928271254859776,96.43,3.57
608635282892709888,90.91,9.09
607723976702443521,84.62,15.38
609849746618880000,92.31,7.69
609905883598974976,100.0,0.0
608298430130208770,66.67,33.33
607899463743475712,66.67,33.33
609401299533201408,77.78,22.22
609937088692252673,100.0,0.0
609000195431526400,77.78,22.22
608385260355743744,75.0,25.0
608104024030760960,100.0,0.0
609416759813259264,75.0,25.0
608938362884472833,91.67,8.33
609007341669879809,66.67,33.33
608373178235240449,55.56,44.44
609180855152545792,81.82,18.18
608035271104425985,88.89,11.11
608078393741971456,62.5,37.5
609930282418880514,76.92,23.08
609013501395410944,88.89,11.11
609307692008632320,100.0,0.0
609331843431698433,92.86,7.14
609007767580475392,76.92,23.08
608317745503944704,83.33,16.67
609352183860056064,83.33,16.67
609012633006669824,100.0,0.0
609176887777226752,50.0,50.0
609479069760114688,0.0,100.0
609259203849551872,100.0,0.0
609707061467676673,85.71,14.29
608320918394277888,80.0,20.0
608872557861687297,100.0,0.0
609873692148035584,75.0,25.0
608454440048291841,85.71,14.29
608731140908814337,100.0,0.0
609475347684421632,75.0,25.0
609050517067673600,100.0,0.0
608538099203887104,80.0,20.0
608115142816108544,88.89,11.11
608277862047707136,100.0,0.0
608589241136873472,62.5,37.5
607785388468363264,100.0,0.0
608793837272588288,80.0,20.0
608082151087697920,85.71,14.29
607932666587922432,90.91,9.09
609339768888000512,90.91,9.09
608260571813847040,100.0,0.0
609246530898366464,80.0,20.0
608751024325689345,75.0,25.0
610205028792598529,57.14,42.86
608823483720675329,60.0,40.0
608043822182973440,89.87,10.13
608816209128222720,100.0,0.0
607977940085710848,100.0,0.0
608934131704168448,92.31,7.69
608121871771430912,87.5,12.5
608554432805134337,81.82,18.18
608651889958395907,100.0,0.0
609948900074520577,83.33,16.67
608369247631339520,90.0,10.0
608897454231158784,0.0,100.0
609369111576055808,100.0,0.0
607922237149081601,100.0,0.0
608642830144159744,88.89,11.11
609174806496305152,90.06,9.94
608710504148631552,71.43,28.57
609052704766332929,66.67,33.33
609199797942284288,66.67,33.33
609016454843912192,83.33,16.67
608732915623563264,70.0,30.0
607961154741075968,90.16,9.84
610022638614765571,75.0,25.0
608393291269324800,100.0,0.0
608832303146491905,86.67,13.33
608798332186689536,77.78,22.22
608189665473134592,90.91,9.09
609554729824354304,77.78,22.22
610197124387463168,81.82,18.18
608286680986980352,100.0,0.0
608757799783383040,91.67,8.33
609533908661571584,100.0,0.0
609476577265500161,71.43,28.57
608743563082493953,50.0,50.0
609309453045899264,77.78,22.22
609322462204022784,100.0,0.0
610085445339361280,81.82,18.18
608965686140899328,100.0,0.0
608443279361867777,72.73,27.27
609165231785295872,90.91,9.09
609332656766124032,88.89,11.11
609788720552742912,40.0,60.0
610099898210357248,83.33,16.67
609149708683116545,75.0,25.0
609368203660296192,100.0,0.0
609906994145853440,100.0,0.0
608316479428263936,85.71,14.29
609519803376603136,83.33,16.67
610102869585494016,100.0,0.0
610125845512986624,100.0,0.0
608665530879340544,100.0,0.0
608922339695300608,100.0,0.0
607884254660435968,85.71,14.29
608630970242093056,100.0,0.0
609145970593390593,100.0,0.0
608717216758964224,66.67,33.33
609096677211934720,100.0,0.0
608493964061233152,80.0,20.0
608359169398153216,90.0,10.0
608442469626187778,89.44,10.56
609857813762940928,77.78,22.22
609384301923188736,100.0,0.0
608334017499381760,90.0,10.0
609259031719452672,85.71,14.29
609423712886980608,77.78,22.22
610046784711229442,100.0,0.0
608549203262906368,66.67,33.33
609140608960086018,60.0,40.0
609450130555695104,83.33,16.67
609028812228026368,77.78,22.22
609980809559306240,88.89,11.11
609415762726518784,83.33,16.67
609145619316391938,91.67,8.33
608652216489119744,90.91,9.09
608284009345482752,100.0,0.0
607926506300440576,80.0,20.0
608279708522921984,90.32,9.68
608326252399890435,80.0,20.0
609046942233059328,84.62,15.38
608936127169458176,100.0,0.0
609331593057058816,100.0,0.0
609464972607909890,100.0,0.0
607846138398523393,81.25,18.75
609412021675757569,50.0,50.0
608012674618802177,80.0,20.0
608600996886011904,82.35,17.65
608121101068083200,90.61,9.39
609859433687072768,85.71,14.29
609134985812045824,70.0,30.0
609707093579440129,96.15,3.85
608930885396668417,90.91,9.09
607937599546793985,82.35,17.65
610114423794081792,81.82,18.18
610100431155539969,100.0,0.0
608978707265519616,100.0,0.0
609483961719496704,50.0,50.0
610188743576825856,85.38,14.62
608210284818399232,100.0,0.0
610035650889445376,90.91,9.09
609359618297364481,90.91,9.09
608668183528996867,100.0,0.0
608876447151869952,100.0,0.0
609057960225058816,90.0,10.0
607823815104720896,75.0,25.0
609531785609764865,42.86,57.14
609269843288698882,89.07,10.93
609166755819335681,100.0,0.0
608420442760691713,90.91,9.09
608537098719735808,83.33,16.67
608973160625631233,86.67,13.33
608160759072190464,42.86,57.14
609332215403646976,90.91,9.09
608583540557545472,90.91,9.09
609842954111291393,71.43,28.57
608865805200183296,92.86,7.14
610043694951985153,90.0,10.0
608733156674555904,90.0,10.0
608765779908022272,100.0,0.0
609174563805659136,70.0,30.0
608638021785669632,60.0,40.0
608980670359158784,90.37,9.63
608664680471654401,80.0,20.0
609777750329716737,85.71,14.29
609068421167353856,87.5,12.5
608493686381551616,33.33,66.67
609205243729948673,100.0,0.0
609247442433736704,100.0,0.0
609535452782198785,90.0,10.0
608192830108876801,92.86,7.14
609508859397447680,57.14,42.86
609439825440149504,100.0,0.0
608240396104290304,77.78,22.22
609653970529730560,100.0,0.0
609680383479681025,83.33,16.67
609172500191268864,88.89,11.11
609957541196492800,87.5,12.5
608533444331753473,87.5,12.5
609496895271079937,100.0,0.0
609479695315431425,81.82,18.18
608989685877235712,77.78,22.22
609416110010691584,78.57,21.43
609979286435463168,75.0,25.0
609921977906692099,50.0,50.0
608311661007667201,89.66,10.34
609986987873959936,75.0,25.0
609268221468749824,85.71,14.29
607701474559332352,33.33,66.67
608470408799617024,84.21,15.79
608687735008841728,85.71,14.29
609678807226843137,90.91,9.09
608808402710614016,100.0,0.0
607671137062010881,100.0,0.0
609895465627160576,84.62,15.38
608405183450771456,100.0,0.0
609383438026719232,76.92,23.08
609347577272774656,93.94,6.06
608602267604922368,96.3,3.7
608275617201549313,84.62,15.38
610192856217747456,72.73,27.27
609438391793524736,75.0,25.0
609038163751878659,100.0,0.0
608605168368775169,88.89,11.11
610006812335697920,94.74,5.26
609384792644190212,90.0,10.0
608060236398788610,85.48,14.52
609477023535366144,89.51,10.49
608090392576335874,88.89,11.11
609602870577598464,100.0,0.0
608710272379830273,40.0,60.0
609339382978383874,100.0,0.0
608717808344551424,100.0,0.0
609858047670923265,86.21,13.79
609546737376583681,77.78,22.22
609784698240434176,40.0,60.0
607886551423451136,91.67,8.33
610037672271314944,75.0,25.0
608778182188257280,100.0,0.0
608823743255711744,100.0,0.0
608949241403310080,100.0,0.0
609724452230856704,100.0,0.0
607976107904802816,88.89,11.11
609861701278806016,77.78,22.22
609660004526915584,90.0,10.0
608766038285643776,83.33,16.67
609227652814274560,80.0,20.0
607813269454077952,91.67,8.33
609417750201675776,70.0,30.0
609817436037246976,76.92,23.08
609324712045494272,100.0,0.0
607888443708973056,84.62,15.38
609174033758748672,100.0,0.0
609369589303091201,93.33,6.67
608012889409114112,90.0,10.0
609306045048057856,88.89,11.11
608813681443545088,81.82,18.18
608947797543403520,87.5,12.5
608499845926653952,85.71,14.29
607985706632241152,100.0,0.0
608355408634200064,69.23,30.77
609543175141785600,60.0,40.0
607712781928919040,100.0,0.0
609160482717585408,100.0,0.0
608890073262751744,100.0,0.0
609032006421192704,81.82,18.18
610059413173342208,100.0,0.0
609262121998778369,88.89,11.11
607752466554343426,71.43,28.57
610173634028527616,88.0,12.0
610096516888444928,90.91,9.09
607983455079530496,94.12,5.88
609248354544013312,50.0,50.0
608437318744190976,80.0,20.0
609914433897406464,88.89,11.11
607897841969684484,75.0,25.0
609799186419187712,90.91,9.09
609785445589884928,72.73,27.27
609908275539095552,81.82,18.18
608513952981504000,100.0,0.0
607753387296346112,90.0,10.0
608614719809814528,81.82,18.18
609589434779062272,100.0,0.0
608133232211705856,91.67,8.33
608762951227592704,83.33,16.67
608027762926985216,87.5,12.5
608843561140895744,92.31,7.69
610111244192882688,76.92,23.08
610195034680328193,88.89,11.11
609437025997991937,91.67,8.33
608126893921964032,81.82,18.18
609418674097754113,66.67,33.33
607745523404140544,77.78,22.22
609399551292784640,75.0,25.0
607816242519502848,92.86,7.14
609539459713925120,80.0,20.0
609612172470018048,71.43,28.57
608844790843756545,100.0,0.0
609472777142304769,85.71,14.29
608373939237187585,60.0,40.0
609765780989718528,70.0,30.0
608970436177719298,100.0,0.0
608401708025184256,100.0,0.0
608254450801766400,62.5,37.5
609009926355218432,100.0,0.0
610133370731794432,80.0,20.0
609017323094220800,87.5,12.5
609425800643809280,76.92,23.08
608700141428604928,54.55,45.45
609406798085251073,76.92,23.08
608939260536868865,90.91,9.09
608290104466108416,100.0,0.0
608855931552718848,50.0,50.0
610151787849453569,93.33,6.67
609233749373550592,100.0,0.0
610159859636371456,86.56,13.44
609991261185970176,80.0,20.0
608212436030783488,87.5,12.5
609757901716983808,75.0,25.0
608363011418374144,90.0,10.0
609042695865028611,88.89,11.11
607843399304159232,75.0,25.0
609468740862775297,80.0,20.0
609742623117586432,86.56,13.44
607700293787254784,87.5,12.5
609090257343135746,70.0,30.0
607951198126260224,83.33,16.67
609331637227229185,91.67,8.33
608370624520691712,88.52,11.48
609395048225107968,89.58,10.42
609374100243419136,92.31,7.69
609794629198815232,88.89,11.11
609881512113229825,84.62,15.38
609076644201000960,76.92,23.08
608446245573517312,89.87,10.13
608048156564193282,85.71,14.29
609394765961003008,91.67,8.33
609101710502580224,70.59,29.41
609929955007295488,83.33,16.67
608727096098078720,100.0,0.0
608650404340097025,83.33,16.67
609291696074047488,88.89,11.11
607994787992465408,100.0,0.0
608744891766726656,100.0,0.0
609750446912045057,72.73,27.27
608294739830546433,92.31,7.69
609994100931194880,100.0,0.0
609716108455710720,75.0,25.0
609601544137375744,85.71,14.29
609419982137524226,100.0,0.0
608268375924613121,95.45,4.55
610122293474299904,84.62,15.38
609422309418385408,72.73,27.27
608521501675917312,92.86,7.14
609345905532227584,60.0,40.0
609155688451997696,100.0,0.0
608821572829216768,71.43,28.57
608002340445163521,100.0,0.0
609076627633545218,88.89,11.11
609777778754387968,100.0,0.0
608437694272643072,100.0,0.0
609292460074774529,89.61,10.39
609389979689615360,100.0,0.0
607947733870215170,92.31,7.69
609040454978564097,83.33,16.67
607968103264317440,60.0,40.0
608101205076799488,100.0,0.0
609880090378420224,75.0,25.0
608623582139314176,91.67,8.33
609712726445850624,69.23,30.77
608128613364416512,92.31,7.69
609305827875360768,87.5,12.5
607938456661028865,71.43,28.57
608387323055775744,100.0,0.0
608041704625700864,100.0,0.0
608829184497078272,90.91,9.09
608197096001421312,66.67,33.33
607987999763099648,89.61,10.39
610010188226162688,87.5,12.5
609789543441543168,100.0,0.0
609384666819375104,70.0,30.0
608107016322564097,91.67,8.33
608023878925877248,89.87,10.13
608345038788161536,100.0,0.0
609806173907386368,75.0,25.0
609515901063417856,90.91,9.09
609837348797419520,66.67,33.33
609714592076271617,100.0,0.0
609840403978829824,87.5,12.5
609403555338940418,88.89,11.11
608344088262373377,100.0,0.0
609507680047243264,75.0,25.0
609423447408521217,100.0,0.0
607790274266447872,100.0,0.0
609444594619654144,78.95,21.05
607938737327083521,91.67,8.33
609428738959388672,100.0,0.0
609267488086491136,91.67,8.33
609487366697431040,100.0,0.0
608637550710898689,86.67,13.33
609072995445952512,75.0,25.0
608200624568549376,88.89,11.11
608725398138933248,60.0,40.0
608247572902363136,77.78,22.22
608959380839624705,100.0,0.0
609570654258511872,100.0,0.0
608821945925312513,90.0,10.0
608274373498306560,100.0,0.0
609706352617881600,72.73,27.27
608041535310065664,90.91,9.09
609507303352569857,88.89,11.11
608940189403242499,100.0,0.0
609785419199197185,100.0,0.0
609465335498981376,100.0,0.0
608407080853225472,90.0,10.0
609201723152986112,100.0,0.0
609052695186518016,83.33,16.67
608867243720601600,87.5,12.5
608977087454674944,71.43,28.57
609773519317172224,100.0,0.0
609079411502030848,91.67,8.33
608670468141404160,90.91,9.09
609163165968928768,69.23,30.77
609448869873717248,80.0,20.0
609857104183214080,89.61,10.39
608833806125006849,80.0,20.0
607971554895364096,42.86,57.14
608079422520991745,87.5,12.5
609022396046147584,100.0,0.0
608340641479815169,100.0,0.0
607869980349038592,77.78,22.22
609366071766872064,85.71,14.29
610152153764732928,81.82,18.18
608022194828877824,100.0,0.0
608266927161622528,87.5,12.5
609104994114109440,83.33,16.67
609174505269825536,69.23,30.77
608748953123876865,94.74,5.26
609983377605668864,100.0,0.0
609823868685938688,57.14,42.86
608355417740079104,90.0,10.0
608302601596108800,84.62,15.38
609405358814195716,75.0,25.0
609989029468184576,90.0,10.0
609100727462461440,92.73,7.27
610114650974367744,90.91,9.09
610084560383180800,84.21,15.79
609916948936290304,83.33,16.67
608932066693160960,76.92,23.08
609721663454904321,100.0,0.0
610113852949270529,33.33,66.67
609748082641625090,100.0,0.0
609886521202733057,100.0,0.0
610062399408726018,100.0,0.0
609436348039229440,66.67,33.33
609320130997288960,81.82,18.18
608308237876793345,80.0,20.0
607781342131142656,100.0,0.0
609134583548899328,100.0,0.0
608079365558157312,75.0,25.0
608607592206733313,66.67,33.33
610037052470636544,68.75,31.25
609301246667849730,100.0,0.0
610106682149072896,72.73,27.27
607852350406041600,92.31,7.69
608062482041720832,87.5,12.5
608227876685680641,100.0,0.0
608304476718514176,84.0,16.0
609769228196048896,75.0,25.0
608658123788791808,75.0,25.0
608011368894074881,66.67,33.33
608724295863427072,92.31,7.69
608494570490458112,80.0,20.0
608652583733989377,87.5,12.5
610177406922461185,81.25,18.75
609117770740023296,75.0,25.0
609028113150836736,90.91,9.09
608031012673699840,100.0,0.0
608956039300542465,88.89,11.11
609007877752279040,100.0,0.0
608377861293113345,63.64,36.36
607918950526132224,71.43,28.57
607993046907547648,55.56,44.44
609329823618584576,100.0,0.0
610197224828600320,91.67,8.33
609247404785827840,95.0,5.0
609061325617160193,92.86,7.14
609505492264710144,77.78,22.22
608744853707583488,81.82,18.18
610142501702402048,71.43,28.57
608004716581257216,95.83,4.17
609173820314886144,90.0,10.0
608351092469067776,100.0,0.0
609336880807718913,92.31,7.69
609825595833257984,82.35,17.65
609866387469631488,87.5,12.5
609042117088915456,54.55,45.45
608263542765023232,100.0,0.0
607816862395695104,100.0,0.0
610085634007392258,91.67,8.33
607937650905874432,87.35,12.65
608812531923058688,92.31,7.69
609883985322332161,81.82,18.18
610201503752658944,93.33,6.67
609144869076905985,100.0,0.0
609413596515151872,91.67,8.33
607825453404049408,80.0,20.0
609033479137935361,100.0,0.0
609483378815975424,100.0,0.0
607985092288348160,90.91,9.09
609313800920137728,92.31,7.69
609069630213111808,89.14,10.86
609323246543077377,77.78,22.22
609564670240948224,57.14,42.86
607921844889395200,92.31,7.69
610190266885099521,100.0,0.0
608724236035710979,80.0,20.0
609346648347672576,80.0,20.0
608844602422861824,90.91,9.09
609217591329095680,100.0,0.0
609017906559488002,90.91,9.09
609909387872849921,100.0,0.0
609215172952072192,100.0,0.0
608079697960824832,100.0,0.0
609447924154638337,89.77,10.23
608683837065854976,100.0,0.0
608717827470573568,77.78,22.22
609079439339700226,100.0,0.0
608997884416110592,92.86,7.14
607952153626304513,71.43,28.57
609010871528996864,52.17,47.83
608681294608760832,87.5,12.5
608157346926239744,87.5,12.5
607755510759047168,76.92,23.08
608327168507179008,81.82,18.18
608083866914455553,100.0,0.0
609891786912329728,100.0,0.0
609075380780212224,100.0,0.0
608693451656470529,96.0,4.0
609016082670698496,81.82,18.18
609488684975542272,66.67,33.33
609380211868729344,90.0,10.0
607907719140507648,72.0,28.0
609707293362495488,86.13,13.87
610114260337827840,90.0,10.0
609065185500884992,100.0,0.0
609357686812057600,100.0,0.0
608991534386688000,91.1,8.9
610136286582689792,68.75,31.25
610031046038560768,88.89,11.11
609182587848945664,77.78,22.22
609496944533184513,91.67,8.33
608750189298327552,66.67,33.33
608955092159590400,88.89,11.11
608275747715878913,100.0,0.0
609342711620075520,92.31,7.69
609265222193389568,87.5,12.5
609385269792538624,91.67,8.33
609426689467248640,100.0,0.0
610114276641083392,81.25,18.75
608374042622627840,100.0,0.0
609326464081756160,77.78,22.22
608354178847653889,75.0,25.0
609082127775191040,55.56,44.44
610160034882785280,87.5,12.5
609066357519462400,100.0,0.0
609669064185659392,73.33,26.67
608341349398683649,100.0,0.0
609217416854405120,90.0,10.0
609183370413764608,90.91,9.09
609803961030283264,88.89,11.11
609064711670349825,75.0,25.0
607955003655884800,88.89,11.11
609797662640975872,100.0,0.0
609789440626683905,83.33,16.67
608743058839080960,93.75,6.25
608403957673795584,66.67,33.33
608414975074410496,83.33,16.67
608612879839932416,66.67,33.33
609826099745284096,92.86,7.14
608867536415944704,100.0,0.0
608687645628092416,90.91,9.09
609102862308810753,66.67,33.33
608359709096181762,58.33,41.67
609297243263344640,85.71,14.29
609261398502322176,100.0,0.0
609684231141388288,60.0,40.0
607974336163680256,100.0,0.0
608591267073810432,75.0,25.0
608578588737200128,77.78,22.22
608661176919023616,88.89,11.11
609477738756468736,83.33,16.67
609325562600009728,87.5,12.5
610069022726594560,77.78,22.22
609394461337079808,72.73,27.27
609409021775319040,81.82,18.18
609014901751824384,75.0,25.0
608849922255781888,86.67,13.33
609390952927596544,86.8,13.2
609438808195502081,90.91,9.09
609418773070786560,71.43,28.57
608981819049046019,80.0,20.0
610059345032818689,81.82,18.18
609725042323140608,80.0,20.0
609088123604201473,66.67,33.33
608503112739872768,100.0,0.0
609775638912860162,70.0,30.0
608303219131957248,81.82,18.18
609500570441924608,66.67,33.33
608275154184114176,100.0,0.0
609472964317343744,87.5,12.5
609081221621121024,100.0,0.0
609770471240925184,80.0,20.0
609058804454584320,90.91,9.09
608773560396423169,88.89,11.11
609373932936916992,90.91,9.09
609391378045366274,90.0,10.0
608114666959695874,93.33,6.67
608096911200022528,90.0,10.0
609337066258853888,63.64,36.36
609246287850962944,100.0,0.0
609300990026731520,60.0,40.0
608309862943064064,72.73,27.27
609499688052502528,88.89,11.11
609251315609391104,75.0,25.0
609075155248291841,100.0,0.0
609276467990667264,90.0,10.0
609013281282351104,100.0,0.0
610101522437947392,87.5,12.5
608358158730428416,90.0,10.0
609906886268321792,100.0,0.0
609442578623299586,76.92,23.08
609520629222543360,89.97,10.03
608189186789810177,92.0,8.0
609203502733201408,91.67,8.33
610094525323870208,86.56,13.44
608992566550368256,85.71,14.29
609511677931884544,83.33,16.67
608653618535792640,80.0,20.0
609897301033795584,100.0,0.0
609039621754863616,54.55,45.45
609448618479775744,100.0,0.0
608566657599057920,66.67,33.33
609328325723619328,80.0,20.0
608086038653882368,71.43,28.57
609847729133453312,66.67,33.33
609978625308299264,86.67,13.33
610001247085707264,100.0,0.0
608385654184144896,50.0,50.0
607926336380792832,69.23,30.77
610149283095007232,92.31,7.69
608834780239683584,94.74,5.26
609516802549379073,60.0,40.0
609462235182821376,100.0,0.0
609974557194072065,83.33,16.67
609212302668210176,88.89,11.11
608046632639295488,92.31,7.69
609218708775563264,93.33,6.67
608422013439516675,100.0,0.0
608726491115974656,70.0,30.0
609665277840601088,75.0,25.0
610114489455910912,84.62,15.38
607901164198330368,80.0,20.0
609087049220681730,94.44,5.56
608399580884029440,91.67,8.33
609678083872980993,100.0,0.0
608900311688818688,92.31,7.69
609082194380922880,81.25,18.75
608682806609207296,90.91,9.09
608106524452356097,66.67,33.33
610020136465076224,100.0,0.0
608940315593060352,91.67,8.33
609306027176161280,92.31,7.69
608234846641520640,100.0,0.0
610125564473552896,69.23,30.77
608492957772206080,77.78,22.22
609556313908072448,91.67,8.33
609487571677224960,100.0,0.0
609441395238174720,89.42,10.58
607683491581403137,100.0,0.0
608789125005733888,75.0,25.0
607930110268841985,90.91,9.09
609740595909668866,85.71,14.29
609031620469923843,93.33,6.67
608239910160605184,75.86,24.14
609536934038368256,66.67,33.33
608860507592880128,100.0,0.0
608255009143328769,93.33,6.67
609374530927230977,84.62,15.38
610111073186791424,100.0,0.0
610157286464618499,81.82,18.18
608769630841245696,100.0,0.0
608189080002818048,100.0,0.0
609132090529951745,75.0,25.0
609971043172773888,60.0,40.0
609153411007778817,89.47,10.53
608378302915473408,72.22,27.78
608045053848748032,92.31,7.69
610122298071252992,85.71,14.29
609371778721390593,75.0,25.0
610173632506122242,100.0,0.0
608627142784626688,81.25,18.75
608036611000049665,84.62,15.38
607674674168926209,100.0,0.0
609718983747588096,83.33,16.67
609441620191248384,83.33,16.67
608888507562663936,91.3,8.7
609300379050840065,86.67,13.33
608808654092038145,100.0,0.0
607962834991874048,100.0,0.0
608367244926713857,90.0,10.0
608431148805443584,90.23,9.77
609746153916248065,100.0,0.0
608222516096724992,87.5,12.5
609408590269427712,78.57,21.43
609455251675062272,77.78,22.22
608769716283310080,92.31,7.69
608543072843124736,92.31,7.69
609631379530383360,100.0,0.0
609827637540864000,94.12,5.88
608570753982865408,88.89,11.11
607689989665624064,91.67,8.33
609241462706950144,90.0,10.0
609062592309399553,93.33,6.67
608633602071535616,72.73,27.27
609463937696968704,55.56,44.44
607717807300558849,92.41,7.59
608123922685526016,92.31,7.69
609453880745820160,100.0,0.0
608115051250073601,81.82,18.18
608386956314202113,85.71,14.29
609650611177525248,100.0,0.0
607968136843784192,53.85,46.15
610137399297871872,81.82,18.18
609076413186965505,81.82,18.18
610117794131234816,90.0,10.0
609684456010612736,75.0,25.0
608922004243230720,70.0,30.0
609875428531142656,93.33,6.67
610119796986900481,100.0,0.0
609721981265575936,100.0,0.0
607864471642505216,62.5,37.5
608282722755321856,100.0,0.0
608427371608219648,90.03,9.97
608568277128900609,94.12,5.88
609081754528428032,75.0,25.0
609004761132638208,87.5,12.5
609082959254200320,80.0,20.0
608374283505516544,90.91,9.09
609422952451469313,90.91,9.09
608405358982365184,95.83,4.17
609693080502013952,92.31,7.69
609216258819534848,81.82,18.18
609029347144552448,100.0,0.0
608264916844314625,88.89,11.11
607984494868594689,100.0,0.0
608303336161484801,83.33,16.67
608610983897145344,100.0,0.0
608982095755501568,84.62,15.38
609321526328848384,77.78,22.22
607931517818372096,87.5,12.5
608233688653004800,80.0,20.0
608008142916452353,88.89,11.11
609512784368398336,91.67,8.33
608030807475617792,62.5,37.5
609501117949460480,85.77,14.23
608339814027542528,100.0,0.0
607974832999821312,88.89,11.11
608491300237672448,78.57,21.43
609593557163225088,73.33,26.67
609497587075432448,97.37,2.63
609234184452751362,92.31,7.69
608457764457844737,94.12,5.88
607956305844633600,76.92,23.08
609420163994116096,33.33,66.67
609397494280138752,92.31,7.69
607917780965445632,76.92,23.08
608954501089927168,62.5,37.5
609525623581745154,80.0,20.0
607947779441172480,93.33,6.67
608302646223503360,83.33,16.67
609167754118209537,80.0,20.0
608668468603322369,77.78,22.22
609105073319206912,90.37,9.63
610197553922068480,100.0,0.0
608869043307687936,100.0,0.0
609939858744864768,75.0,25.0
608932310474477568,83.33,16.67
609412627886837760,100.0,0.0
608255725551230976,90.0,10.0
607708075353612288,87.5,12.5
610016195174121472,96.43,3.57
609111061271314433,100.0,0.0
609513872840654848,80.0,20.0
608264208925532160,85.71,14.29
608853700044578816,100.0,0.0
607675444834398208,80.0,20.0
607944548258422784,88.07,11.93
610015966093791232,100.0,0.0
608759317190221826,100.0,0.0
609776510791102464,87.5,12.5
609723739417219072,80.0,20.0
609096498157076480,87.5,12.5
609446353605918720,100.0,0.0
609344544522522626,91.67,8.33
609771945983373312,90.48,9.52
609417442893262848,100.0,0.0
608930812382355456,91.67,8.33
609805206549729281,100.0,0.0
608928946227412992,70.0,30.0
609335622965272576,100.0,0.0
609883711882985472,90.0,10.0
610122117334573056,100.0,0.0
608921511991349248,77.27,22.73
608114051386777600,84.0,16.0
607892147413655552,71.43,28.57
609522980889038848,100.0,0.0
607912091794702337,55.56,44.44
609725187072724993,78.57,21.43
609378307008761856,100.0,0.0
607978305380356096,80.0,20.0
607958703652880385,66.67,33.33
609256629721255936,77.78,22.22
609698201214545920,91.67,8.33
609478472919052288,96.55,3.45
608839842747850754,100.0,0.0
609530456497868802,78.57,21.43
609735831494889472,75.0,25.0
608160801841651712,91.3,8.7
608883901940035584,90.91,9.09
609397314021527552,90.91,9.09
609522409096511488,84.62,15.38
610059159833313281,87.5,12.5
609089004961595392,77.78,22.22
609027994842230784,58.33,41.67
608084126105608192,90.91,9.09
608257357173264385,55.56,44.44
608022479634874368,88.89,11.11
607983727814307840,50.0,50.0
609331970384990208,100.0,0.0
607990003646341121,75.0,25.0
608929466216230912,78.57,21.43
609296510879072258,77.78,22.22
610035609353211904,61.54,38.46
608687610630819840,91.67,8.33
608998699541385217,90.37,9.63
609760921515347968,100.0,0.0
610075846452355072,73.68,26.32
608199618187411456,96.3,3.7
608954609625886720,94.44,5.56
608707023258161152,100.0,0.0
608426230203998208,100.0,0.0
607885331451510785,85.71,14.29
609108422244618241,88.89,11.11
609975785479245824,90.91,9.09
608352399279931392,81.82,18.18
609188424050966528,71.43,28.57
610118077859131392,82.35,17.65
609030792719835137,100.0,0.0
609574847849500672,89.68,10.32
608763398084546560,83.33,16.67
608949208549355520,93.33,6.67
609831118938898433,100.0,0.0
609009344257138688,55.56,44.44
608672726862053377,85.71,14.29
609624019281670145,76.92,23.08
608298780731965440,90.91,9.09
608429784528482305,87.5,12.5
609412793192828928,77.78,22.22
610026547404271616,89.29,10.71
607827179456614400,100.0,0.0
608695020003147776,90.0,10.0
609460217269633024,100.0,0.0
607731724869627904,80.0,20.0
609454130642423809,84.62,15.38
608658470905200640,100.0,0.0
608272439634558976,83.33,16.67
609174771776004096,72.22,27.78
609773071210299392,85.71,14.29
608638364200353792,94.74,5.26
608412036247232513,50.0,50.0
609381652557627392,100.0,0.0
608179588800344064,77.78,22.22
608029769481920512,100.0,0.0
607852030225489920,75.0,25.0
608929037960892416,91.67,8.33
609093255385350144,100.0,0.0
609348760708227072,81.82,18.18
609408608695123968,100.0,0.0
609374652096466945,87.5,12.5
609388454951022592,100.0,0.0
609677761284829184,90.91,9.09
609436889989443585,100.0,0.0
608369881109680128,97.5,2.5
609511057556697088,80.0,20.0
609397703131459584,87.5,12.5
608993820060037121,73.33,26.67
607779109524119552,87.5,12.5
608311818436648960,90.91,9.09
609408032800403456,60.0,40.0
609729494220288000,100.0,0.0
609018662620663808,78.57,21.43
608088350071881728,80.0,20.0
608707065452867584,86.67,13.33
610159803571302400,90.91,9.09
609364812804530177,75.0,25.0
608526066597175296,100.0,0.0
608880106266882048,100.0,0.0
609803432753377280,93.33,6.67
609709886595821568,66.67,33.33
608726607314960384,100.0,0.0
608056435956662275,80.0,20.0
609790106023493632,76.92,23.08
608043028696190976,90.0,10.0
609163485893693440,88.7,11.3
609431253964750850,84.0,16.0
608912651922608129,96.0,4.0
609718280618684416,75.0,25.0
608309663734624257,85.71,14.29
609124766067240960,72.73,27.27
609495485112385536,82.35,17.65
608711317952724992,87.5,12.5
607917393193660416,100.0,0.0
610163727602724864,100.0,0.0
609594540001988609,81.82,18.18
608619741805084672,88.89,11.11
609459968304107521,80.0,20.0
608531423629295617,100.0,0.0
608976882332258304,92.31,7.69
609166006473334784,75.0,25.0
609004674226728960,80.0,20.0
609503139885117442,80.0,20.0
609459158535041024,100.0,0.0
609392903484518401,88.89,11.11
608996542532464642,75.0,25.0
608635050805108736,92.31,7.69
608425140855164930,87.5,12.5
609465966372610048,100.0,0.0
608997214690529280,92.31,7.69
608159890050301952,100.0,0.0
608881572834619392,85.71,14.29
610096771746930688,92.31,7.69
608289752438177792,87.5,12.5
608376229893447680,88.78,11.22
608234446081421312,100.0,0.0
609831613887827968,90.0,10.0
609695864274223104,100.0,0.0
609382031659790336,85.71,14.29
608607809031278592,100.0,0.0
609178554681675776,100.0,0.0
608254479088144384,100.0,0.0
609040663225602049,94.12,5.88
607932867050504192,71.43,28.57
608063741779951616,81.82,18.18
609059063113084928,87.5,12.5
608959948077301760,77.78,22.22
609701774979563522,100.0,0.0
609034778738724864,83.33,16.67
607959208194154496,78.57,21.43
608887646086008832,91.67,8.33
608502553949650944,83.33,16.67
609329602910097408,75.0,25.0
609082704458604545,90.0,10.0
608040173805445120,89.61,10.39
609389112848547840,92.86,7.14
609056814819323905,94.44,5.56
610125815116865536,100.0,0.0
608338587495628801,88.89,11.11
609684420082180096,50.0,50.0
608392385425338368,70.0,30.0
