id,PT_formal
608310377143799810,13
609297109095972864,12
609504474621612032,12
609748367049105409,10
608688782821453825,16
609551038983475201,10
609447408955719681,14
609027430624288769,10
608229011572068352,9
609046214554755073,11
609738211183751168,8
609762671554990080,13
608980783924178945,11
609998126737395712,12
608926452596273152,9
609300383358418945,6
608875876474851328,15
610173844561788928,5
609095030926635011,18
608576531456249856,12
609631563597389824,7
609372816568360960,10
610103181578764291,10
609425861561962496,13
608658774769958912,7
609396415681445888,8
609337131698229249,6
610152342521028609,7
608315579913629696,15
609417622485139456,9
608347082844438530,7
609066076282867712,10
609507025555357696,11
609141582290292736,12
607867811352969216,14
609535458863882240,5
608953025017839616,12
609518871779889152,17
610065075462930432,12
609890265306910720,5
607974158765400065,10
609680396956094464,7
609648479976222721,10
610149872059195392,11
609045959062896642,18
608390359023026178,18
609865605856899072,8
609204522263650304,8
608294260027346944,11
609780343680409600,11
609220830501933056,14
610025386852810752,9
608838825918332930,12
609847126097530880,10
609722272824356865,9
609520823209168896,22
607968621805989888,14
610035233384218624,7
609426219306745856,15
608831302490415106,14
609581937548615680,8
609204644221423616,14
608004081425227776,20
609246844749803520,6
608544822383792128,5
608037914086404096,12
609486085987680256,9
608739280559722498,11
608749345731674112,10
610171029575610369,14
608407227473502208,7
608203075459891200,14
609008121428721665,13
607951390724341760,8
609854038688038912,7
609120651895558144,9
609120937263300608,11
608434922840162305,14
608793539556708352,13
608461361748828162,8
608734414546284544,12
608071418585214976,10
607836751726563328,13
609138853375406080,10
610037731935285248,5
608272113741533184,15
608932641207934976,8
609186132375416832,18
609247701411217408,7
608347443823017987,6
608856211795156993,7
610035478432067584,7
608203134087921664,11
609443836037873664,5
609342424889081856,8
609326598358220800,7
608170448807952386,20
607869505004400640,8
607994015955316736,14
609223895531540481,9
609417423809302528,18
608502622983720960,10
609276653928361984,7
609517182532362241,13
609716416887951360,7
608291519347486721,9
608492412416237568,16
608807876308676609,10
609973847996108800,7
608665805178339328,6
610039839816294400,9
610052516194217985,11
608680091283881986,9
609868855863844864,14
609451868633198592,9
610040226178859009,10
609348103389487104,11
609557666138996736,14
609329546215591937,8
608108610267324417,14
609744129879191553,7
607758528758075392,16
609019270438223872,14
609007549094985728,10
608568480628142080,14
609005648727175170,11
608692276458614784,7
610167649172103168,9
609122496168755201,16
609424363360768001,9
609375205073551361,18
607865098078720000,8
608638056715964416,11
609769482513420289,10
608332843408687104,8
609476770509815808,11
609325546011385859,10
608750006674165760,11
607985528034557952,17
608596870974304256,13
608584227811172353,6
609108031687630848,14
608674493456748545,11
608881276049829889,7
608966172122476544,8
608189643855654912,15
609694637964566528,16
610063063685795840,8
609331127938105344,12
608358416600334337,9
609470000785682432,5
608641362414678016,10
610066209795670016,10
609127194648973312,8
609152913865355264,11
609307942270169088,8
608886156516655104,15
609719400283959296,11
608551961454063616,12
608563275673006080,20
610114738077495296,8
608986659099697152,5
608318633996099585,13
609414360923025408,16
610083910530281472,11
609310835962454016,13
610038523580796928,15
610192514591490048,10
609087596506021889,15
608925659633733632,14
608324453999771649,14
608315733286731776,12
609959736671358977,15
609222620777570304,9
610103164176433152,14
608365725540085763,9
607700276707917824,11
608095177547202561,11
608078819279441920,8
609498561500315648,8
609990980691980288,8
609959724553867264,10
609757375252201472,9
609494609065025536,11
609417394759565312,15
609767455142113280,14
608554075412520961,8
609521850167750656,11
608343274714210304,8
610073192921726976,9
609616450681049088,11
608372520555814912,9
609366113466621952,16
608082154258632705,9
608102726140989441,9
608851445278982144,11
608682343692386306,15
610056503626698752,16
608085660751261696,8
609048367600123904,12
609072487163408386,10
610161502880821248,17
609690694492549120,8
608997777201356800,7
609816952857591808,18
608411514228203520,9
607901393756778496,6
608744463796609024,16
609786417850544131,8
608413703072063488,13
608961210290196481,5
608859210269470720,8
609135817450237953,15
608598498850668544,6
609064118478381056,17
607753200792420352,15
607672568057700352,11
608358832146903041,12
608714030937604096,10
609465595835379712,18
609552667942219777,15
609108415512780800,11
608049895874920449,10
608095810635579392,8
607898186359967747,12
609846489121169408,7
609409865119834112,6
608741426621341696,8
608704949422276608,9
609046813455302656,10
607675970632351744,15
610149200228167680,11
609344284815421440,16
609012177182273536,9
609032099299876864,16
610008000405864448,11
608333579823783936,9
607934124813205505,10
609363313047281665,13
607869077034528768,6
609261389237108736,6
608312114055409664,11
610079178499747840,7
608036256858128385,8
609745613354323968,8
608686580480344064,6
609794393071968256,11
608189886122848256,13
609074889035788289,12
609004486280028160,13
609078897779556353,5
609903122270560256,11
609402313371992064,10
608999590243741697,6
609351511324381184,16
609836676190482432,16
609127121483644929,10
608130166842388480,13
609042545465622528,10
609668675650523136,13
609047475886895104,5
610187469779111936,9
608925421648908290,9
607932371489296384,11
608756156476076032,3
609100107804504064,16
607978502730563584,10
607754648645181440,11
607980537643278336,19
609643054664957952,10
608667625007235073,9
608506976335585282,11
607857368676859905,9
607901522349793280,10
608132917253021696,12
609078430127271936,16
607685125346885633,12
607989226144169984,8
609497843594715137,7
609267177439535104,8
609651590291714048,9
609117193104703489,16
608934123852333056,11
608458427921264641,10
609313805839937536,9
608964975957303296,9
609321884744871936,12
608084103695470592,10
609085223599546368,10
609391614881058816,12
609157583878889472,14
609007214792204288,7
609376622085545984,7
609658688425562112,10
609910906177372160,16
609118839331299328,13
607854609676267521,7
607880160944070656,11
609803196970565632,13
609004935515021312,14
608722692779425792,3
607997045673193473,11
608935192691118080,10
610076601515155456,6
609688974320345088,9
609988792947224576,13
608245509959106560,8
609490872334458880,18
607996104332984325,8
607996802080501761,14
610076987286142976,12
608755787540750337,6
609198527256895488,19
608622195611430912,14
609238535384760320,12
609850308974526464,4
608640561231187968,13
608498975277240320,12
609025705297338368,9
608340636778004480,12
609588624158556160,7
609323575716237313,4
609348021697048576,13
609376177929756673,12
607734081380483072,9
609820070286610432,12
610089677652107264,15
608058267965788160,9
608117816915578880,9
609722649149747200,13
609075399239139329,8
609785572945563648,13
609447611481911296,7
607979970208665600,12
609257607786831872,10
608127659764281344,10
608755591729668097,6
610013784401428481,10
608988326167724032,14
609387354072219648,15
608313432232861696,9
608151562477662208,11
609102865911513090,11
609722161725509632,10
609035658338967552,15
610138857850470400,5
608592350848389120,9
608801588308656128,13
608019431755673600,8
609373412406992896,9
608560069144289280,12
609757152547356672,8
609009807807385601,10
610087465748197377,8
609008965263982593,10
608453791227088896,8
609114651880652802,16
609543754450608129,12
610139152475000832,15
609579224299536384,11
608584579390275584,15
608177000780546048,6
608349920286896128,8
608337786828148736,10
608239541070274560,14
607799720585486336,6
609009022771941376,10
609486090735501312,9
609059065134768128,19
609070692986847232,12
609303243831836672,9
609799914906714112,18
608096721923665921,7
609824622629023745,10
609022302257188867,16
609842486027137024,12
607856239750414336,7
609360579984236544,15
608017642037706753,13
609429992766877696,11
609403840052469760,11
609098225107107840,3
609779057014755329,15
608643048088694784,15
609012492933537794,14
610047431804329984,7
608387621509808128,11
609445816009367552,11
610030285623816192,11
608014414969593856,11
608568493743742976,7
610080518453891072,5
609338820388081664,7
609136628192444416,10
609019259398811648,12
607928146877235202,16
607984957181575169,7
609402067032088576,9
607733281354694656,17
609692463192633345,5
608974835549659136,7
608258383586721792,9
608609109735288832,9
608012739550789632,9
608122921433866241,7
608661269068001281,5
607763519409225728,10
609162980723326977,10
607951603417645056,12
609402434084032513,7
610193347400085504,9
608660027570835456,11
609404828968574976,15
609239189742350336,13
610133379988623360,15
609227391651610625,10
608674006435102720,5
608321885860950016,8
608929475833790464,8
610039133029969920,10
610098529286115328,12
609072092961718272,9
610066339106037761,7
608868793817907200,9
609001931663618048,13
608743812333236225,10
609281511372816384,11
607970640084258816,18
609534465925357568,16
609289305794723840,8
608719223913914369,15
608420835481759744,16
609013608438185984,15
609835162935934978,10
610075776856260608,12
609000415322103808,13
609597332263337984,10
608280186472288257,16
608793547911757824,14
608689261026668544,7
609294227235864578,10
609715103101902848,14
609393521846566912,9
608492679471767552,9
608283208183115776,16
609361023200546816,6
608561452690059264,11
609949762230558720,10
608710311407788032,6
607923355514241024,11
609379139913560064,13
609636777616248832,12
608313125281124352,10
608393488959455232,11
609030043986182144,6
609994977335230465,12
608743659668955137,13
608465646930788352,8
609446802677465088,11
609418648051036160,16
609646419302055936,12
609784377602613248,8
610113742785916928,5
610103301804326912,14
609026298824916992,15
609040166855020544,7
609080295975849984,3
607907317091176448,14
608476452657348608,10
607994000952410112,14
608694954634977280,11
609952184705400832,7
609707078312177664,9
608436167944605696,7
609212312763920384,9
609389920109633536,10
610130594299781120,8
609461487598329856,16
609544222199275522,5
608292056038051840,9
608212874125676544,6
609035333854982144,8
609381569149698048,6
609712897871192064,8
609842833990750209,16
610034795599499264,16
609064394362880000,8
608178186711658498,10
608521158174986242,9
607923375722209281,13
608166900976222208,13
607933443893301248,10
609794383710261248,16
609357875358605313,10
609182601505583105,11
610038875243872256,19
609440238654619648,7
609304002627522560,11
609796227983511552,8
608296208822628352,12
609485950901723136,7
608032344356876288,8
609273182097436672,5
609691881065349120,8
608288223232720896,14
609287908063858688,8
608022504049934337,6
609705101192765440,10
607913164357779456,10
609753367154307072,12
608252791396646913,11
607684375938015232,13
608665031903854594,12
608488821336993792,9
607970868619313152,9
609365183245500416,15
607976369427857408,8
608925152672268288,9
608200625252405248,15
608651141208006656,5
608345597389770753,12
608337515586666497,7
607931339820527617,9
608915599670939648,11
609521664473321472,11
610060313141059584,8
607920180824567809,15
609372430713405441,6
608623487222190081,13
608706198217568256,13
609266422301204480,11
608831084642435073,16
609482870898458624,11
610105281801003008,11
608419448341540865,10
609842962365849600,11
607912349115105280,9
609014782168080384,15
609135222345469952,6
608878008271798273,14
608212210968629248,13
608711214038962177,9
608963244972236800,10
609901627479302144,10
608807192846848000,10
610186146891501568,9
610042285091356672,10
609426217272381441,15
608826283011796992,15
608447451704512514,16
609418667835662336,17
609479068950638593,11
610072986167545859,12
610075345614696448,12
609461455960846336,7
609166978364735489,17
607908148540612608,16
609136614590279680,8
610144803796422657,6
608223286955143168,12
610039498806849536,8
608573463817801728,16
609835392079040513,17
609859442318946304,13
608069448692584448,12
609065667975897088,11
609752111816024064,12
608073033740222464,12
607985981141057538,16
609525884677189633,17
608418580703645697,8
608029762460786690,5
608259205745770496,5
609527621286789120,11
609060966010097664,3
608761340077838336,10
610111966905016320,12
608655930763411457,8
608422127583285248,12
609276585221451776,10
609133286724468736,14
608387015604883456,10
608668649973514240,10
609653972325019648,6
609105327250894848,15
608246693944008704,7
608725326475218944,11
609364298847141889,8
609264867095121920,11
609676499961147392,8
608289757429420032,15
608256883711987712,8
609824145258512387,9
608887669167374336,13
608678554977509376,13
609563617940234243,11
607723079561801728,11
607684720567156736,8
608636517972475904,10
608632716993671168,10
610109743022129152,14
609745564230619137,11
608531153373528064,11
608491571294691329,14
608536119358173184,12
609529784826220544,11
607750572440055809,8
609410414254796800,11
609706869850902528,11
609730725110226944,9
608244675691061249,14
609265378766811137,13
608022481870417920,15
608208397616480258,13
609035910622130176,6
608654994276012033,8
609905865387282432,11
609106613375516672,6
608000631832338433,8
608678106103205888,17
608391034293338112,13
609807305291485184,10
608214480477126656,9
608236637663936512,8
609186116974067712,10
609186664372695040,11
607856226479669248,9
608257035927482368,13
607893820387299328,5
609023347377082370,13
609111303106535425,20
609337121481064448,6
608724691491123200,6
608896007271817216,9
608762127260749825,12
609764863850737664,10
608644136648982528,8
608960536743698432,10
608525952545632256,15
609342621010558976,14
609156582631469056,10
609112309294882818,11
609688058372464640,12
608834560655286272,5
607754715468840960,16
608736668347039744,6
608432476575428610,15
608936864310001664,16
608556744512565248,15
609018023328899073,7
609261820570923008,8
609565613460164608,10
609667794892931072,11
608130161121239041,7
610099516222631936,4
608363000991326208,14
609535457005846528,6
609748932042838017,12
609115251070652417,14
608427115730485248,6
609797672397090816,13
610126144763891712,22
608028443725430787,12
609193438169403392,12
607971950988685312,14
610152495176810496,10
609025080304148481,14
608648911490809856,11
609558589485641728,18
609480800858451968,6
610063567530905600,16
609596812123578369,12
609307704520257536,14
608747894808702978,14
608232398199898112,10
610026837767516161,7
608306343468859392,6
609426687412056064,12
609000486331674624,9
610077399083032576,9
609994137044168704,6
609737571862773760,15
609808083280351232,13
608761428246458369,7
608514320490754048,11
609377241349365762,15
608591877072384000,3
609353194469228544,8
608255981710024705,10
608847404197138432,10
607831170428997632,8
608435251375910913,11
609376532847575040,8
608793445067583488,14
607920880132464641,12
608177923074293760,12
610099673324462080,9
608592551852036096,12
608050935869411331,13
607980471822262272,11
608091421359357952,10
610149967978565633,17
609596480823758849,6
609768184594477056,8
609050527167578112,6
609334194964176896,20
607679294811144192,8
608396079483219968,13
609044961766473729,15
608852174315986944,9
609739788560793601,23
608661420578721793,8
609305416342765568,15
607881327661047808,12
607877528187990016,9
608708086220455936,14
608137719945043968,8
609092205400207361,14
610109231656779776,10
609466403003863042,4
608325705194049536,12
608699164684222465,5
609321136942358528,9
608071041668251648,15
608910326692745216,12
608217038939648001,6
609710086500384769,12
609226366035329024,11
610197661015146496,11
608946815371759616,11
608906300991393792,7
608975935166119936,14
609043115090038785,7
608835084339277824,9
609751283227074560,7
609513014639726592,4
610138433202356227,11
607704118388387840,19
608249996576735232,10
610057308580786177,16
609440548471091201,6
608848661284556800,8
608293138348830720,7
609417069210267648,7
609427202581491713,9
608608158911729665,8
608744232942067712,7
609748327652044800,10
609531602482413569,20
610133346635657216,13
608592851358916608,7
609828243168997376,1
607981697376776192,10
608270100622405632,10
610115685046317057,16
609842832082276352,14
608309675046674433,12
610046672937328640,14
608695979244703744,12
609363331468673024,10
609344528097615872,14
609767648818278400,9
608671475709669377,12
608332846533517312,8
609325857816100865,4
608629333578670080,8
609397370216955905,11
609126746676404224,10
608228163991281664,9
609650877180321792,10
608827274339692544,6
609061514985779202,13
609224126344089600,18
609194693147148288,18
609358304733720576,13
609617824483446784,8
608308723023355904,14
608679438792929280,13
609133281775194114,14
607788241970982912,10
609833834406809600,9
608952318676086785,13
610047021202964481,6
609429939033665537,11
609043278084726784,11
608501242621378560,10
610156894007787521,9
608310140727488512,8
609414842991124480,9
608629808789106688,14
607937646535393280,12
607870759311056896,11
607718080798556161,20
610168757990879232,12
609889450286559233,13
607966605243326467,13
608269589965897729,8
608308108650246144,16
608208614021599233,13
608825588632170497,9
610128599002259456,12
609098505479593984,14
608532224875622400,16
607950233113198592,3
607831666866814976,8
609280252502630401,11
609764948982505472,11
609972342844997632,7
609378972003094528,9
609227396529692672,15
609669241944600576,11
608559573297934336,11
609026400276783104,14
609396021513351168,9
608315598486011905,15
607932903671140352,8
610033901646544897,8
608205068496695296,5
608986599389564928,15
609094033634398208,12
609917929803632640,14
609781041579040768,7
608066621400178688,11
609129764469755905,16
608472672570232832,10
610121807354568704,8
608094224995762178,11
609212296728985601,12
610112234329608192,9
608401807933640704,8
610190069928865792,7
608103284239384576,15
609379336811057152,16
608775432268337152,16
608954752223838208,10
609671631255007232,16
609753074949849088,6
609210355345027072,16
608381884142350336,4
608064012241281025,16
608437725709090816,10
608802106213040128,12
609336908951347200,9
609356696113283072,4
607752298203377664,5
608261869472763905,12
608773420562657280,16
608003647356542976,13
609375696775987201,17
609072877493571584,13
609115168610656257,13
608294743861129216,7
609605495339532288,10
608295274767859712,8
609547025491869697,16
609496171254394880,5
609077811786096640,20
607787910843269120,15
607915191901290496,7
608353167600959488,11
608542150196891648,9
607668877594497024,10
609519858363953152,11
609040689670684672,14
607948159961186304,15
609346866451488768,9
607995917808115712,11
609435280202805250,12
609091527600570368,10
609473724325195776,13
609352061986193408,11
608983580157554689,7
610053872573411328,12
608459594453647360,12
608093779644588033,11
609967011951587328,10
610021097665363968,8
608221385291350016,11
607994702214918148,8
609505794728558592,9
608857991874412545,9
608529062777069568,15
609168370177589248,12
608573742755770368,6
609692874322628608,11
609768597351600129,14
609799932933992449,8
608723346965061632,9
608299390260932608,11
609197455746273280,14
608719307183370240,7
609164871465324544,12
609361820944605185,12
609171037784285184,17
608179043440185344,13
607896118433824768,8
608913506121957377,5
610065428958679041,9
608400685646946306,5
609535460650668032,10
610165837824004096,9
609178446653206529,14
608917489498603520,10
609744570654392322,17
609618671619690497,18
608801746652147712,13
608206936215945216,12
609574290275610625,12
609234945064632320,10
609822058361524224,8
609050027428683776,5
609733291906891776,11
608546417569767424,7
608038488068509696,17
610109554546864128,7
609359531584409600,6
609867719849168896,16
609661761084522496,9
608845133551771648,8
608898979258990592,5
609473891669381120,16
609120483993354240,17
609012281486114816,9
609099154460160000,11
609174129145737217,11
608841375753359361,16
609098405126795265,9
609378900993511425,8
609474306461048833,10
608300300852686852,10
608649887412985858,16
608348570253725699,16
608333523032920065,18
609095922199490560,16
610201840836186112,15
608969459185938432,7
607951701686009856,9
608759561541935104,14
608398971439083524,7
607984975724593152,15
609067574425493505,13
609078926384766976,15
609392645199273985,11
608461339418218496,7
609793111708041216,13
608411627009019904,13
608648643009077248,11
608026411228524544,9
608259681069481984,12
609198181570772992,13
609507177200513024,6
609398299926339584,8
609018273137610752,14
608372626399100928,7
609364851203416064,11
610090465581498368,10
608230849675468800,11
609228862107582465,10
607976933532573696,10
609721364879179776,18
609360661441855488,18
607996806480289794,8
608446252603154432,4
609451387651497984,6
609424959631458304,10
609552067565363201,10
609392243074465793,7
608016923737989120,12
609103067284316160,15
609333411749216256,9
608646330102079489,8
609335602970914817,8
608525869460635648,12
609359889559855105,6
608530959852380160,11
608952026102427649,9
608797181496143873,7
608400882959568896,11
609386634249830401,11
607859631344345089,16
608609076780625920,10
608457797580263426,11
608091735626031104,8
608987901834199042,23
608179756182454272,15
609358269530939392,10
608967176020582400,7
609669433716539392,8
609039455815634944,15
609405212021915649,4
610021006980325377,11
609067593450827776,14
609387663678918656,6
608370589989015552,8
609297873700696064,8
607789402316800000,7
609496574889185281,13
608441762521214977,12
609389812726915072,5
609433139870629888,12
609025698477568000,8
609258466289561600,5
609815274749956097,14
607827108270739456,15
609884243859103745,15
608990849138077696,10
609091928731361283,19
609164213412495360,14
610006047227555840,11
608788996445986818,9
608350375704449024,15
609597407307952128,15
607898717702647809,21
607991513025355776,12
608279296717778944,14
609385956144054272,6
608329195824021505,7
608012102163251200,7
609058163422298112,9
608219767854370817,13
608774888296333313,8
607846687684628480,7
609389838010159104,8
610094119478820864,5
610174713671892992,8
610174905183809537,9
609173199142694912,13
610195859318419456,17
607955354001883136,10
610098004389965826,5
609420795341881344,9
608618418158317568,8
607842281865936896,8
608664705666850816,14
608046366309392384,9
608743656854556672,11
609419297832742913,9
608849901636694016,4
609824314775470080,10
608414317189427200,14
609498961242517505,10
610192170406907904,10
607759279471198209,13
609181533514153984,9
609733243785621505,8
609469622157316097,14
609045780947738624,9
609165781381869568,14
608970723990876161,6
609158455899852801,11
608432109859037184,13
608276323354722304,12
609048732416548864,9
609363325760196608,7
609031371550380033,15
609967374578642944,11
608555702286753792,7
607964035083083776,10
609363305304584192,7
609054437982633984,12
609749632198025216,13
609118690269745152,13
609587651637846016,14
608834568947269632,8
609039933328793600,15
609777980408209408,14
609888858658983936,12
607942788420902913,13
609707077641089025,12
609548519225950209,14
609986399094329344,6
609576970041585664,12
608036791661137921,9
609020052348764160,9
609709427793489921,11
609451411055767552,9
607789170455506944,10
608187208588263425,8
607786251542855680,10
609676619645587456,6
609744798673539072,4
608041436030898177,13
609359991871512577,6
609130518823731201,8
609097579935227904,12
609586247367966721,13
608742768882647040,8
609091840600604672,8
607981711767400448,13
609372114555138048,8
608368332132261890,15
607850227786252289,8
609392004376752128,9
608236216862023680,13
610141266114965504,4
610054644753166338,13
607958694593060864,13
608612335972843520,11
608194638818746369,13
607810936376803328,10
608414877242257410,11
609140820663341056,14
609752850437025792,11
609614804198658048,5
609747530696552451,9
608024469425127425,22
609457426241331200,15
609398976769576960,9
608901864348917760,14
610178592241119232,13
609252498281472000,9
608908288261001216,7
608413375933095937,11
609113301235195904,12
608720863953842179,10
608676019260796928,11
609714113837727744,14
608333016226779137,14
608413197146681344,14
608794125572292608,7
608444679806423041,11
608314912620847106,9
608836058243977217,14
608726065322815488,11
609878084842573824,12
609384684359843841,7
609110182573019136,13
609841938032758784,9
609036171189063680,10
610193126091788288,5
608864511265751040,11
609392254751522817,8
608122623776686080,9
609258053716717569,7
608290479097192448,7
610099590705082368,12
608607340410101760,8
609279978254020609,8
609578715568189440,16
610172382351745024,9
608355558173884416,9
609053753732300800,9
609360960550215680,11
608739044500107264,8
608977006907289600,7
608990853189767168,21
609916943106224128,13
609671440405819392,10
609355750935146497,3
607863494323499008,14
609731939138936832,11
608340334267875328,11
610114743416791040,10
608672734055284736,13
608908946863222785,7
609081449602519041,8
610061903503556608,10
607986303393742849,13
608871314594648064,10
609707569687310336,10
607958242967363585,12
610200274658029568,17
607692463365603328,10
608868777602580482,8
609747305105895424,4
609061896357036033,9
608257995458420737,10
609090446124552192,7
608831426524495872,11
608635576586223616,15
608983299265019906,8
608315394324090880,19
608218450159366144,10
609223897507098625,17
608694089152872448,13
609300381286408192,11
608016799829889024,4
609691766921560064,6
609073297024806912,8
609091715065085952,12
608978570195660800,8
608090174677991425,11
610145453469007874,9
609693247980613633,12
608144255522099204,9
609341703795961856,10
610101313020538881,7
608045344908275712,7
609413131660591104,9
609041315758792704,5
608810937957646336,13
607969872660807680,13
609763459388035072,8
609973703527501824,16
608948595505639425,6
609019851475140608,6
608584896534208513,6
608383780311728128,6
607692022946787328,14
608861677673660416,9
609392073985421313,11
609640431589195777,11
610096887572623361,9
609207514543034369,11
609010331432665088,8
609714549546196992,14
609503055139241985,16
608073543549485057,10
609776259493539841,12
609897096708141057,12
608794995756298241,13
607934505995915264,11
608458572880576514,7
608920088545214464,14
608182381875490816,6
609441986840522753,8
610098444045303808,12
609859242888155137,10
608997377035272193,12
610089930442735616,10
609096976974663681,12
608279942116147200,15
609556070722211840,11
608395977628753920,8
608182260790140928,13
608850005366087680,15
608418809431650305,11
609036313598263297,8
608006352837869568,11
609214721087176704,11
609882214625492992,11
609156796599640065,14
610094330972405761,9
608678374362505216,7
608083022202732544,17
609675898254700544,21
608353759664734208,9
609758049490862080,8
608568701978308608,10
608308557411426304,13
609994040717783040,8
610155526199111683,8
607965421795463170,15
609719151184203776,20
609047236232785920,12
608939490304860160,8
608079091158384640,12
608778083806486528,13
608318426742980608,14
608518190646312960,9
609057586235637761,8
608697352212193280,14
610050559899340800,10
607980967752376320,8
609189539467370496,9
607935320131182593,8
608227597760241664,12
608370528265461760,16
609167234984873984,13
609444565993586689,5
607726946080980992,14
608798443453046784,11
608593486485557249,7
608519681897418753,11
609935186101276672,10
610152000295202818,8
608830811211747328,9
607946928773431297,12
610174526618529792,16
608697469858361345,10
609824775050010624,10
609053763731480577,13
608393524724269059,13
610174056575463424,10
609098140860469249,13
607962789001297921,10
609105264273448960,11
609371231289233408,8
608276132002041856,3
609382418928173057,11
609085727335436290,10
609474035286691840,14
609328688031789056,6
607973952040804353,17
609275150790492160,12
608730313926180865,11
609435033653350401,15
609421192043339777,8
609184100310585344,10
607903612879003648,10
607969024173998080,8
607930331228823552,9
607696658441322496,9
609994229465632768,12
607918899007348737,16
609745328405913600,13
610007794931122176,7
608994093553872897,11
609487242663301120,14
608993554279620609,9
608323936632340481,14
609738106951049216,11
610200047951609857,8
609725004889067520,5
608539441888681984,5
608758307918979072,11
609342074685685761,5
609187692933455872,10
610162691265667073,10
609181375581663232,15
609506052103622656,5
608545798075351040,15
610092081223221248,7
608076651583438848,15
609435107829653504,14
609143081976266753,9
608485420377231361,11
609515345448169472,14
608808628695343104,11
609319489738387456,12
610110749961228290,11
609572216699777024,9
607944780375572480,16
607917417625296896,8
608803216516640768,4
608931072978628608,10
609112604288516097,3
608969928083935232,10
608105036997083136,8
608367121559633922,8
608975679137439744,7
609797946876538880,7
608293943730675712,8
607974388223254528,8
608663799760101376,14
609493668412534785,18
609158684170547200,11
609586043088564224,16
608372594467840002,13
608360611664297984,5
608403226656915456,11
608005851601891328,14
609807645285986305,5
609107871389904896,7
609232543779434496,11
609346987163578369,12
608394092008062976,7
609065665509482496,11
609137048344117248,8
608443737014988800,15
608066764723863553,18
610012260166189056,8
610082540766937089,11
609433768051523585,10
609746131640320000,15
609412931797798912,6
609418584985608192,18
609402107796426752,15
609438802893901824,11
609899436018372608,12
610159802644340736,8
609109398426951680,9
609310805708931072,8
608765440299376641,8
608893603440697345,9
610101434529521666,10
609939596466524161,8
608314160598904833,12
610199605456838656,9
607964276897153024,15
608679797477240832,8
607944313452961793,20
609596979371487232,10
609279307236700161,11
609808994828447744,10
608958689970675712,10
609990185078624256,13
609089564897103872,11
609678332033146880,10
608378092277481472,13
608657651371630594,8
609463998434668544,9
609021765428232192,12
608582574978367488,11
608744358184108032,5
608507395258482688,10
610070882866884608,8
607733375428730880,12
608536835606757376,12
608248398769188864,10
610117265275678720,10
609685403788914689,8
607870383925133312,18
609106938836725760,12
608086855398113280,15
608355665078308865,15
610094370927300609,7
609273351702511616,3
608032057898508288,10
608394863479037952,9
610000850723958784,10
609147607705886720,11
609274754781085697,10
610173644417970176,13
608739407592423424,13
609675246644424704,7
608728306175893504,14
608455807143845888,12
608442039395565568,16
609385953942081537,12
608886929225060352,15
608507562586062848,12
607931247076249600,11
609096545263345664,8
609124505043111936,11
609469072770736128,9
607966134499827712,10
608988027684270080,11
608310131734872064,11
608702957048225793,13
609216332761010176,12
608377721077563393,14
608656732722765825,8
607842019965325312,16
608331071848124416,11
607736457869053953,12
607842529640259584,11
607715038426624000,9
609048847629701122,14
609549263463251969,14
608829969310081024,12
610177242782679040,6
608511152272846848,12
608369352484786176,7
609587527650045952,2
609590046509940736,10
607927077082439681,19
608426607942881281,9
607876423076986880,15
608393519565275136,9
607923549173645313,13
608999817856069632,18
609802428058308610,12
609178029181505538,14
608079098330652672,11
609530595190927360,12
608754988211425280,16
610118263717019649,17
607809186446118912,10
608307305109680128,13
608737925061353473,3
608519965394804737,14
610195874623438848,15
608855918483255296,11
608759566898036736,15
607925173098979328,8
607726435009241089,12
608322449638322179,15
610072501952073730,14
608589467020984321,7
609169527713173504,10
608990042284011520,9
607744216731688960,6
609770716284620801,11
608275198605848577,10
609358014932455425,9
609391764433162240,18
609447974607962113,8
609725197298585600,12
609438729753784320,13
608885386316632066,13
609096135546933248,15
610168761862201344,9
609097109565001729,11
608681379476480000,10
609358318495248384,10
608549177325281280,12
608911722011873280,11
608756001261551616,15
609407466368069632,5
608677194378940416,4
608441233330057216,10
609508722457636864,10
609004453824483328,10
608453900782436352,11
608751950566404096,7
608033933742211072,8
608995034579513345,9
609050239027126272,14
607844963850846208,10
609065588745494528,9
609043198590201856,13
609112350726193154,8
608891444280049664,10
609875289775210497,5
608736918407290880,15
609060315804917760,6
609361152976490496,8
609716905881006081,15
607815819419131904,8
608467338858524673,9
608928271254859776,11
608635282892709888,10
607723976702443521,11
609849746618880000,14
609905883598974976,11
608298430130208770,11
607899463743475712,11
609401299533201408,6
609937088692252673,5
609000195431526400,7
608385260355743744,10
608104024030760960,9
609416759813259264,5
608938362884472833,12
609007341669879809,6
608373178235240449,5
609180855152545792,9
608035271104425985,7
608078393741971456,7
609930282418880514,15
609013501395410944,8
609307692008632320,13
609331843431698433,12
609007767580475392,17
608317745503944704,10
609352183860056064,10
609012633006669824,13
609176887777226752,6
609479069760114688,11
609259203849551872,8
609707061467676673,9
608320918394277888,10
608872557861687297,5
609873692148035584,9
608454440048291841,13
608731140908814337,18
609475347684421632,8
609050517067673600,5
608538099203887104,9
608115142816108544,9
608277862047707136,5
608589241136873472,8
607785388468363264,15
608793837272588288,12
608082151087697920,19
607932666587922432,4
609339768888000512,10
608260571813847040,13
609246530898366464,11
608751024325689345,10
610205028792598529,14
608823483720675329,7
608043822182973440,12
608816209128222720,8
607977940085710848,10
608934131704168448,12
608121871771430912,7
608554432805134337,6
608651889958395907,5
609948900074520577,11
608369247631339520,8
608897454231158784,12
609369111576055808,13
607922237149081601,14
608642830144159744,15
609174806496305152,15
608710504148631552,6
609052704766332929,15
609199797942284288,18
609016454843912192,22
608732915623563264,7
607961154741075968,9
610022638614765571,9
608393291269324800,8
608832303146491905,13
608798332186689536,8
608189665473134592,11
609554729824354304,17
610197124387463168,13
608286680986980352,10
608757799783383040,15
609533908661571584,12
609476577265500161,9
608743563082493953,13
609309453045899264,7
609322462204022784,10
610085445339361280,5
608965686140899328,11
608443279361867777,8
609165231785295872,10
609332656766124032,8
609788720552742912,13
610099898210357248,14
609149708683116545,17
609368203660296192,17
609906994145853440,9
608316479428263936,6
609519803376603136,10
610102869585494016,9
610125845512986624,14
608665530879340544,14
608922339695300608,10
607884254660435968,11
608630970242093056,10
609145970593390593,14
608717216758964224,13
609096677211934720,11
608493964061233152,15
608359169398153216,9
608442469626187778,8
609857813762940928,7
609384301923188736,13
608334017499381760,20
609259031719452672,9
609423712886980608,7
610046784711229442,18
608549203262906368,6
609140608960086018,15
609450130555695104,12
609028812228026368,7
609980809559306240,12
609415762726518784,6
609145619316391938,11
608652216489119744,10
608284009345482752,16
607926506300440576,19
608279708522921984,12
608326252399890435,15
609046942233059328,10
608936127169458176,13
609331593057058816,15
609464972607909890,17
607846138398523393,9
609412021675757569,5
608012674618802177,12
608600996886011904,7
608121101068083200,13
609859433687072768,6
609134985812045824,10
609707093579440129,12
608930885396668417,8
607937599546793985,14
610114423794081792,8
610100431155539969,10
608978707265519616,9
609483961719496704,4
610188743576825856,15
608210284818399232,8
610035650889445376,7
609359618297364481,10
608668183528996867,7
608876447151869952,10
609057960225058816,9
607823815104720896,8
609531785609764865,14
609269843288698882,10
609166755819335681,10
608420442760691713,8
608537098719735808,10
608973160625631233,13
608160759072190464,4
609332215403646976,7
608583540557545472,12
609842954111291393,7
608865805200183296,13
610043694951985153,10
608733156674555904,8
608765779908022272,14
609174563805659136,7
608638021785669632,8
608980670359158784,12
608664680471654401,8
609777750329716737,15
609068421167353856,7
608493686381551616,9
609205243729948673,6
609247442433736704,12
609535452782198785,5
608192830108876801,13
609508859397447680,3
609439825440149504,14
608240396104290304,13
609653970529730560,13
609680383479681025,11
609172500191268864,3
609957541196492800,8
608533444331753473,7
609496895271079937,5
609479695315431425,11
608989685877235712,7
609416110010691584,12
609979286435463168,6
609921977906692099,12
608311661007667201,8
609986987873959936,6
609268221468749824,16
607701474559332352,18
608470408799617024,9
608687735008841728,12
609678807226843137,8
608808402710614016,13
607671137062010881,11
609895465627160576,11
608405183450771456,11
609383438026719232,11
609347577272774656,14
608602267604922368,13
608275617201549313,11
610192856217747456,12
609438391793524736,16
609038163751878659,12
608605168368775169,11
610006812335697920,18
609384792644190212,12
608060236398788610,6
609477023535366144,12
608090392576335874,8
609602870577598464,14
608710272379830273,13
609339382978383874,8
608717808344551424,12
609858047670923265,7
609546737376583681,10
609784698240434176,2
607886551423451136,9
610037672271314944,17
608778182188257280,14
608823743255711744,11
608949241403310080,10
609724452230856704,13
607976107904802816,16
609861701278806016,8
609660004526915584,9
608766038285643776,8
609227652814274560,9
607813269454077952,10
609417750201675776,8
609817436037246976,9
609324712045494272,10
607888443708973056,11
609174033758748672,11
609369589303091201,15
608012889409114112,9
609306045048057856,8
608813681443545088,9
608947797543403520,9
608499845926653952,6
607985706632241152,14
608355408634200064,14
609543175141785600,11
607712781928919040,10
609160482717585408,12
608890073262751744,14
609032006421192704,13
610059413173342208,10
609262121998778369,7
607752466554343426,17
610173634028527616,5
610096516888444928,15
607983455079530496,7
609248354544013312,14
608437318744190976,7
609914433897406464,9
607897841969684484,11
609799186419187712,11
609785445589884928,10
609908275539095552,20
608513952981504000,12
607753387296346112,19
608614719809814528,15
609589434779062272,14
608133232211705856,11
608762951227592704,10
608027762926985216,11
608843561140895744,12
610111244192882688,10
610195034680328193,6
609437025997991937,11
608126893921964032,9
609418674097754113,9
607745523404140544,12
609399551292784640,9
607816242519502848,13
609539459713925120,8
609612172470018048,5
608844790843756545,13
609472777142304769,14
608373939237187585,7
609765780989718528,8
608970436177719298,14
608401708025184256,16
608254450801766400,5
609009926355218432,6
610133370731794432,14
609017323094220800,7
609425800643809280,11
608700141428604928,9
609406798085251073,7
608939260536868865,17
608290104466108416,13
608855931552718848,15
610151787849453569,13
609233749373550592,8
610159859636371456,7
609991261185970176,8
608212436030783488,7
609757901716983808,7
608363011418374144,9
609042695865028611,11
607843399304159232,9
609468740862775297,7
609742623117586432,11
607700293787254784,15
609090257343135746,9
607951198126260224,10
609331637227229185,9
608370624520691712,8
609395048225107968,9
609374100243419136,14
609794629198815232,15
609881512113229825,11
609076644201000960,10
608446245573517312,12
608048156564193282,12
609394765961003008,8
609101710502580224,11
609929955007295488,12
608727096098078720,11
608650404340097025,6
609291696074047488,8
607994787992465408,14
608744891766726656,14
609750446912045057,10
608294739830546433,17
609994100931194880,11
609716108455710720,10
609601544137375744,7
609419982137524226,8
608268375924613121,11
610122293474299904,9
609422309418385408,10
608521501675917312,13
609345905532227584,3
609155688451997696,12
608821572829216768,16
608002340445163521,14
609076627633545218,8
609777778754387968,8
608437694272643072,15
609292460074774529,6
609389979689615360,18
607947733870215170,3
609040454978564097,10
607968103264317440,17
608101205076799488,5
609880090378420224,9
608623582139314176,9
609712726445850624,9
608128613364416512,12
609305827875360768,6
607938456661028865,16
608387323055775744,7
608041704625700864,11
608829184497078272,14
608197096001421312,7
607987999763099648,10
610010188226162688,9
609789543441543168,5
609384666819375104,11
608107016322564097,11
608023878925877248,12
608345038788161536,18
609806173907386368,13
609515901063417856,10
609837348797419520,6
609714592076271617,10
609840403978829824,6
609403555338940418,7
608344088262373377,9
609507680047243264,9
609423447408521217,10
607790274266447872,11
609444594619654144,19
607938737327083521,11
609428738959388672,6
609267488086491136,11
609487366697431040,8
608637550710898689,3
609072995445952512,20
608200624568549376,11
608725398138933248,12
608247572902363136,16
608959380839624705,18
609570654258511872,16
608821945925312513,8
608274373498306560,7
609706352617881600,6
608041535310065664,11
609507303352569857,14
608940189403242499,13
609785419199197185,22
609465335498981376,10
608407080853225472,14
609201723152986112,13
609052695186518016,8
608867243720601600,8
608977087454674944,6
609773519317172224,14
609079411502030848,11
608670468141404160,11
609163165968928768,11
609448869873717248,8
609857104183214080,11
608833806125006849,18
607971554895364096,13
608079422520991745,12
609022396046147584,18
608340641479815169,9
607869980349038592,12
609366071766872064,6
610152153764732928,14
608022194828877824,10
608266927161622528,15
609104994114109440,7
609174505269825536,14
608748953123876865,18
609983377605668864,9
609823868685938688,11
608355417740079104,8
608302601596108800,12
609405358814195716,5
609989029468184576,8
609100727462461440,18
610114650974367744,9
610084560383180800,6
609916948936290304,15
608932066693160960,10
609721663454904321,16
610113852949270529,5
609748082641625090,9
609886521202733057,17
610062399408726018,14
609436348039229440,6
609320130997288960,9
608308237876793345,9
607781342131142656,16
609134583548899328,11
608079365558157312,14
608607592206733313,11
610037052470636544,9
609301246667849730,10
610106682149072896,14
607852350406041600,12
608062482041720832,7
608227876685680641,15
608304476718514176,10
609769228196048896,7
608658123788791808,9
608011368894074881,15
608724295863427072,12
608494570490458112,8
608652583733989377,9
610177406922461185,10
609117770740023296,2
609028113150836736,20
608031012673699840,11
608956039300542465,9
609007877752279040,9
608377861293113345,8
607918950526132224,12
607993046907547648,16
609329823618584576,13
610197224828600320,11
609247404785827840,13
609061325617160193,13
609505492264710144,8
608744853707583488,9
610142501702402048,9
608004716581257216,9
609173820314886144,16
608351092469067776,15
609336880807718913,11
609825595833257984,13
609866387469631488,14
609042117088915456,8
608263542765023232,9
607816862395695104,10
610085634007392258,8
607937650905874432,9
608812531923058688,16
609883985322332161,5
610201503752658944,8
609144869076905985,9
609413596515151872,14
607825453404049408,8
609033479137935361,11
609483378815975424,14
607985092288348160,11
609313800920137728,12
609069630213111808,12
609323246543077377,7
609564670240948224,6
607921844889395200,11
610190266885099521,9
608724236035710979,11
609346648347672576,15
608844602422861824,10
609217591329095680,14
609017906559488002,15
609909387872849921,8
609215172952072192,9
608079697960824832,10
609447924154638337,8
608683837065854976,10
608717827470573568,14
609079439339700226,3
608997884416110592,7
607952153626304513,20
609010871528996864,8
608681294608760832,18
608157346926239744,7
607755510759047168,11
608327168507179008,13
608083866914455553,18
609891786912329728,12
609075380780212224,15
608693451656470529,6
609016082670698496,9
609488684975542272,9
609380211868729344,9
607907719140507648,8
609707293362495488,9
610114260337827840,15
609065185500884992,10
609357686812057600,3
608991534386688000,14
610136286582689792,11
610031046038560768,8
609182587848945664,9
609496944533184513,10
608750189298327552,9
608955092159590400,7
608275747715878913,11
609342711620075520,13
609265222193389568,7
609385269792538624,11
609426689467248640,21
610114276641083392,10
608374042622627840,10
609326464081756160,7
608354178847653889,13
609082127775191040,7
610160034882785280,7
609066357519462400,16
609669064185659392,10
608341349398683649,15
609217416854405120,10
609183370413764608,10
609803961030283264,8
609064711670349825,9
607955003655884800,14
609797662640975872,16
609789440626683905,11
608743058839080960,16
608403957673795584,15
608414975074410496,10
608612879839932416,9
609826099745284096,11
608867536415944704,11
608687645628092416,10
609102862308810753,7
608359709096181762,7
609297243263344640,13
609261398502322176,21
609684231141388288,6
607974336163680256,9
608591267073810432,4
608578588737200128,10
608661176919023616,11
609477738756468736,7
609325562600009728,10
610069022726594560,15
609394461337079808,8
609409021775319040,10
609014901751824384,8
608849922255781888,12
609390952927596544,11
609438808195502081,9
609418773070786560,12
608981819049046019,11
610059345032818689,9
609725042323140608,11
609088123604201473,7
608503112739872768,7
609775638912860162,4
608303219131957248,11
609500570441924608,7
608275154184114176,15
609472964317343744,14
609081221621121024,13
609770471240925184,16
609058804454584320,13
608773560396423169,11
609373932936916992,5
609391378045366274,13
608114666959695874,19
608096911200022528,10
609337066258853888,7
609246287850962944,11
609300990026731520,6
608309862943064064,13
609499688052502528,8
609251315609391104,8
609075155248291841,10
609276467990667264,17
609013281282351104,18
610101522437947392,10
608358158730428416,5
609906886268321792,9
609442578623299586,10
609520629222543360,11
608189186789810177,17
609203502733201408,11
610094525323870208,9
608992566550368256,13
609511677931884544,6
608653618535792640,8
609897301033795584,5
609039621754863616,6
609448618479775744,10
608566657599057920,8
609328325723619328,9
608086038653882368,9
609847729133453312,13
609978625308299264,14
610001247085707264,10
608385654184144896,8
607926336380792832,10
610149283095007232,12
608834780239683584,10
609516802549379073,10
609462235182821376,6
609974557194072065,11
609212302668210176,17
608046632639295488,15
609218708775563264,10
608422013439516675,16
608726491115974656,7
609665277840601088,8
610114489455910912,11
607901164198330368,5
609087049220681730,17
608399580884029440,8
609678083872980993,11
608900311688818688,10
609082194380922880,14
608682806609207296,7
608106524452356097,7
610020136465076224,10
608940315593060352,14
609306027176161280,12
608234846641520640,18
610125564473552896,9
608492957772206080,5
609556313908072448,11
609487571677224960,17
609441395238174720,15
607683491581403137,17
608789125005733888,14
607930110268841985,8
609740595909668866,8
609031620469923843,12
608239910160605184,10
609536934038368256,16
608860507592880128,4
608255009143328769,16
609374530927230977,11
610111073186791424,17
610157286464618499,9
608769630841245696,9
608189080002818048,10
609132090529951745,10
609971043172773888,4
609153411007778817,6
608378302915473408,12
608045053848748032,15
610122298071252992,12
609371778721390593,6
610173632506122242,4
608627142784626688,11
608036611000049665,16
607674674168926209,11
609718983747588096,9
609441620191248384,5
608888507562663936,12
609300379050840065,13
608808654092038145,14
607962834991874048,9
608367244926713857,15
608431148805443584,10
609746153916248065,12
608222516096724992,7
609408590269427712,11
609455251675062272,7
608769716283310080,13
608543072843124736,13
609631379530383360,10
609827637540864000,15
608570753982865408,13
607689989665624064,12
609241462706950144,12
609062592309399553,16
608633602071535616,9
609463937696968704,12
607717807300558849,14
608123922685526016,12
609453880745820160,4
608115051250073601,8
608386956314202113,6
609650611177525248,7
607968136843784192,8
610137399297871872,9
609076413186965505,10
610117794131234816,16
609684456010612736,6
608922004243230720,7
609875428531142656,12
610119796986900481,14
609721981265575936,10
607864471642505216,6
608282722755321856,8
608427371608219648,8
608568277128900609,12
609081754528428032,5
609004761132638208,11
609082959254200320,18
608374283505516544,10
609422952451469313,12
608405358982365184,9
609693080502013952,10
609216258819534848,8
609029347144552448,10
608264916844314625,10
607984494868594689,22
608303336161484801,12
608610983897145344,10
608982095755501568,11
609321526328848384,8
607931517818372096,15
608233688653004800,12
608008142916452353,8
609512784368398336,18
608030807475617792,10
609501117949460480,9
608339814027542528,8
607974832999821312,16
608491300237672448,11
609593557163225088,9
609497587075432448,14
609234184452751362,13
608457764457844737,16
607956305844633600,15
609420163994116096,9
609397494280138752,12
607917780965445632,10
608954501089927168,6
609525623581745154,8
607947779441172480,14
608302646223503360,10
609167754118209537,14
608668468603322369,8
609105073319206912,12
610197553922068480,5
608869043307687936,9
609939858744864768,10
608932310474477568,6
609412627886837760,10
608255725551230976,15
607708075353612288,7
610016195174121472,10
609111061271314433,15
609513872840654848,12
608264208925532160,6
608853700044578816,5
607675444834398208,14
607944548258422784,13
610015966093791232,9
608759317190221826,16
609776510791102464,13
609723739417219072,6
609096498157076480,15
609446353605918720,9
609344544522522626,9
609771945983373312,17
609417442893262848,15
608930812382355456,11
609805206549729281,13
608928946227412992,11
609335622965272576,11
609883711882985472,17
610122117334573056,10
608921511991349248,9
608114051386777600,11
607892147413655552,18
609522980889038848,11
607912091794702337,8
609725187072724993,15
609378307008761856,7
607978305380356096,8
607958703652880385,13
609256629721255936,12
609698201214545920,10
609478472919052288,7
608839842747850754,5
609530456497868802,12
609735831494889472,9
608160801841651712,8
608883901940035584,9
609397314021527552,11
609522409096511488,11
610059159833313281,9
609089004961595392,7
609027994842230784,7
608084126105608192,11
608257357173264385,5
608022479634874368,17
607983727814307840,11
609331970384990208,16
607990003646341121,8
608929466216230912,6
609296510879072258,7
610035609353211904,8
608687610630819840,14
608998699541385217,12
609760921515347968,9
610075846452355072,14
608199618187411456,16
608954609625886720,12
608707023258161152,11
608426230203998208,15
607885331451510785,13
609108422244618241,9
609975785479245824,10
608352399279931392,13
609188424050966528,10
610118077859131392,6
609030792719835137,6
609574847849500672,14
608763398084546560,13
608949208549355520,14
609831118938898433,9
609009344257138688,8
608672726862053377,12
609624019281670145,9
608298780731965440,7
608429784528482305,11
609412793192828928,20
610026547404271616,8
607827179456614400,13
608695020003147776,17
609460217269633024,10
607731724869627904,14
609454130642423809,13
608658470905200640,8
608272439634558976,10
609174771776004096,13
609773071210299392,12
608638364200353792,18
608412036247232513,8
609381652557627392,15
608179588800344064,9
608029769481920512,7
607852030225489920,8
608929037960892416,11
609093255385350144,10
609348760708227072,10
609408608695123968,12
609374652096466945,12
609388454951022592,12
609677761284829184,16
609436889989443585,15
608369881109680128,13
609511057556697088,12
609397703131459584,7
608993820060037121,9
607779109524119552,14
608311818436648960,9
609408032800403456,7
609729494220288000,14
609018662620663808,9
608088350071881728,18
608707065452867584,13
610159803571302400,16
609364812804530177,13
608526066597175296,17
608880106266882048,6
609803432753377280,11
609709886595821568,8
608726607314960384,15
608056435956662275,11
609790106023493632,9
608043028696190976,9
609163485893693440,5
609431253964750850,9
608912651922608129,12
609718280618684416,12
608309663734624257,5
609124766067240960,10
609495485112385536,13
608711317952724992,11
607917393193660416,16
610163727602724864,16
609594540001988609,14
608619741805084672,11
609459968304107521,2
608531423629295617,8
608976882332258304,19
609166006473334784,14
609004674226728960,9
609503139885117442,8
609459158535041024,8
609392903484518401,8
608996542532464642,9
608635050805108736,10
608425140855164930,7
609465966372610048,11
608997214690529280,12
608159890050301952,10
608881572834619392,16
610096771746930688,12
608289752438177792,18
608376229893447680,14
608234446081421312,17
609831613887827968,9
609695864274223104,6
609382031659790336,13
608607809031278592,15
609178554681675776,6
608254479088144384,18
609040663225602049,17
607932867050504192,13
608063741779951616,13
609059063113084928,6
608959948077301760,7
609701774979563522,16
609034778738724864,9
607959208194154496,13
608887646086008832,11
608502553949650944,10
609329602910097408,14
609082704458604545,22
608040173805445120,10
609389112848547840,13
609056814819323905,12
610125815116865536,9
608338587495628801,9
609684420082180096,12
608392385425338368,6
